participant,natural_cost,enforcer_action,reward_0,cooperation,reward_1
0,[2.25 1.75],[2 0],0.86,0.33,0.86
0,[2.25 1.25],[3 0],0.91,0.11,1
0,[1.25 1.75],[2 0],0.76,0.48,0.79
0,[1.25 1.75],[1 0],0.53,0.62,0.5
0,[1.75 1.25],[2 0],0.6,0.45,0.51
0,[1.25 2.25],[2 0],0.75,0.42,0.7
0,[2.25 2.25],[2 0],0.85,0.39,0.86
0,[1.75 1.75],[3 0],0.87,0.18,0.97
0,[1.25 1.25],[2 0],0.66,0.41,0.56
0,[1.25 2.25],[3 0],0.85,0.11,0.99
0,[2.25 1.75],[3 0],0.9,0.1,1
0,[1.75 2.25],[1 0],0.57,0.57,0.28
0,[1.75 2.25],[2 0],0.69,0.43,0.47
0,[2.25 1.75],[1 0],0.61,0.54,0.48
0,[2.25 2.25],[1 0],0.68,0.54,0.26
0,[1.75 1.25],[3 0],0.94,0.16,0.99
0,[1.25 1.75],[3 0],0.9,0.1,0.98
0,[1.75 1.75],[1 0],0.59,0.55,0.28
0,[1.75 1.25],[1 0],0.57,0.53,0.31
0,[2.25 1.25],[1 0],0.63,0.47,0.25
0,[1.25 1.25],[1 0],0.68,0.57,0.21
0,[1.75 2.25],[3 0],0.79,0.19,1
0,[1.75 1.75],[2 0],0.6,0.34,0.45
0,[2.25 2.25],[3 0],0.83,0.06,0.98
0,[2.25 1.25],[2 0],0.82,0.34,0.48
0,[1.25 1.25],[3 0],0.91,0.15,0.88
0,[1.25 2.25],[1 0],0.52,0.5,0.38
1,[2.25 1.25],[1 0],0.69,0.84,0.31
1,[1.75 2.25],[1 0],0.63,0.61,0.29
1,[2.25 2.25],[1 0],0.51,0.64,0.38
1,[1.25 1.25],[1 0],0.49,0.69,0.34
1,[2.25 2.25],[3 0],0.97,0.2,0.98
1,[1.75 1.25],[1 0],0.49,0.58,0.15
1,[1.25 1.25],[3 0],0.88,0.3,0.97
1,[1.25 2.25],[3 0],0.83,0.32,0.96
1,[1.25 1.75],[3 0],0.72,0.37,1
1,[1.25 1.75],[2 0],0.68,0.45,0.7
1,[2.25 1.75],[3 0],0.88,0.15,0.28
1,[1.25 1.75],[1 0],0.47,0.59,0.66
1,[1.25 1.25],[2 0],0.58,0.44,0.65
1,[2.25 1.25],[2 0],0.64,0.5,0.76
1,[1.25 2.25],[1 0],0.5,0.6,0.28
1,[2.25 1.75],[2 0],0.72,0.5,0.77
1,[2.25 2.25],[2 0],0.65,0.48,0.93
1,[1.75 2.25],[2 0],0.65,0.42,0.92
1,[1.75 2.25],[3 0],0.79,0.18,0.94
1,[2.25 1.75],[1 0],0.66,0.59,0.36
1,[1.75 1.75],[1 0],0.63,0.54,0.24
1,[1.75 1.75],[3 0],0.68,0.54,0.97
1,[1.75 1.25],[2 0],0.6,0.39,0.66
1,[1.25 2.25],[2 0],0.57,0.46,0.6
1,[1.75 1.75],[2 0],0.54,0.42,0.87
1,[2.25 1.25],[3 0],0.7,0.36,0.96
1,[1.75 1.25],[3 0],0.58,0.37,1
2,[1.25 2.25],[3 0],1,0.48,0.99
2,[2.25 2.25],[3 0],0.99,0.5,0.85
2,[1.25 1.25],[3 0],0.99,0.46,0.91
2,[1.25 2.25],[1 0],0.61,0.7,0.53
2,[2.25 1.25],[3 0],0.99,0.52,0.99
2,[1.75 2.25],[3 0],1,0.56,0.98
2,[1.75 1.25],[1 0],0.7,0.76,0.54
2,[1.25 1.75],[2 0],0.84,0.67,0.67
2,[1.25 1.25],[2 0],0.87,0.8,0.65
2,[2.25 2.25],[2 0],0.85,0.75,0.68
2,[1.25 1.75],[3 0],0.98,0.56,0.79
2,[1.75 1.75],[3 0],0.99,0.53,0.86
2,[1.75 2.25],[2 0],0.9,0.79,0.88
2,[2.25 1.75],[3 0],0.99,0.57,0.98
2,[1.75 1.75],[1 0],0.71,0.9,0.52
2,[2.25 1.25],[2 0],0.82,0.75,0.77
2,[1.75 2.25],[1 0],0.67,0.85,0.77
2,[1.25 2.25],[2 0],0.86,0.8,0.73
2,[1.25 1.25],[1 0],0.62,0.84,0.42
2,[2.25 1.75],[2 0],0.84,0.77,0.82
2,[1.75 1.25],[2 0],0.85,0.77,0.79
2,[1.25 1.75],[1 0],0.69,0.89,0.53
2,[1.75 1.25],[3 0],1,0.53,0.92
2,[2.25 2.25],[1 0],0.66,0.83,0.75
2,[2.25 1.25],[1 0],0.64,0.84,0.63
2,[1.75 1.75],[2 0],0.65,0.81,0.84
2,[2.25 1.75],[1 0],0.67,0.84,0.64
3,[1.75 1.75],[1 0],0.88,0.97,0.03
3,[1.25 1.25],[2 0],0.99,0.69,0.33
3,[2.25 1.25],[1 0],0.58,0.94,0.23
3,[2.25 1.75],[1 0],0.53,0.9,0.26
3,[2.25 1.75],[3 0],0.99,0.03,0.99
3,[1.25 2.25],[2 0],0.74,0.7,0.17
3,[2.25 1.25],[2 0],0.79,0.44,0.65
3,[1.75 1.25],[1 0],0.48,0.95,0.16
3,[1.75 2.25],[1 0],0.58,1,0.07
3,[1.25 1.75],[2 0],0.68,0.35,0.19
3,[1.25 2.25],[3 0],0.97,0,0.72
3,[1.75 1.75],[2 0],0.74,0.66,0.41
3,[1.25 1.25],[1 0],0.43,0.71,0.14
3,[1.75 1.25],[2 0],0.66,0.41,0.24
3,[1.75 2.25],[3 0],0.98,0.03,0.93
3,[1.75 1.75],[3 0],0.98,0.02,0.81
3,[2.25 2.25],[2 0],0.77,0.23,0.53
3,[1.25 1.25],[3 0],1,0.03,0.91
3,[1.25 2.25],[1 0],0.62,0.92,0.01
3,[1.25 1.75],[1 0],0.54,0.93,0.17
3,[2.25 1.75],[2 0],0.74,0.48,0.55
3,[2.25 2.25],[3 0],0.98,0,0.99
3,[2.25 2.25],[1 0],0.61,1,0.4
3,[1.25 1.75],[3 0],1,0,0.71
3,[1.75 2.25],[2 0],0.59,0.3,0.36
3,[1.75 1.25],[3 0],0.75,0,0.77
3,[2.25 1.25],[3 0],0.7,0,1
4,[1.25 2.25],[3 0],0.82,0.16,1
4,[2.25 1.75],[2 0],0.62,0.33,0.65
4,[2.25 1.25],[1 0],0.62,0.51,0.47
4,[2.25 1.75],[1 0],0.6,0.5,0.47
4,[2.25 2.25],[3 0],0.81,0.2,1
4,[1.75 2.25],[3 0],0.87,0.11,1
4,[1.25 1.25],[3 0],0.67,0.21,1
4,[1.75 2.25],[1 0],0.64,0.52,0.38
4,[2.25 1.25],[3 0],0.93,0.14,1
4,[1.25 1.75],[2 0],0.5,0.29,0.69
4,[1.75 1.25],[1 0],0.43,0.53,0.42
4,[1.75 1.75],[3 0],0.76,0.23,0.9
4,[2.25 1.25],[2 0],0.66,0.48,0.67
4,[1.75 1.25],[2 0],0.62,0.35,0.76
4,[1.25 1.25],[1 0],0.43,0.55,0.49
4,[2.25 1.75],[3 0],0.81,0.22,1
4,[2.25 2.25],[1 0],0.46,0.71,0.4
4,[1.75 1.25],[3 0],0.92,0.16,1
4,[1.25 1.75],[3 0],0.74,0.28,1
4,[1.25 2.25],[1 0],0.42,0.71,0.5
4,[1.25 1.25],[2 0],0.57,0.48,0.69
4,[1.25 1.75],[1 0],0.41,0.59,0.35
4,[1.75 1.75],[1 0],0.64,0.5,0.36
4,[1.75 1.75],[2 0],0.46,0.29,0.69
4,[2.25 2.25],[2 0],0.62,0.49,0.69
4,[1.75 2.25],[2 0],0.55,0.43,0.66
4,[1.25 2.25],[2 0],0.63,0.47,0.69
5,[1.25 2.25],[3 0],1,0,0.66
5,[2.25 1.25],[1 0],0.68,0.8,0.51
5,[2.25 2.25],[1 0],0.6,0.64,0.41
5,[2.25 1.75],[2 0],0.89,0.31,0.45
5,[1.25 1.75],[3 0],0.77,0,0.92
5,[1.25 1.25],[3 0],0.86,0.39,0.86
5,[1.75 1.75],[1 0],0.62,0.77,0.78
5,[1.75 1.25],[3 0],0.76,0.13,0.91
5,[2.25 2.25],[3 0],0.8,0.26,0.96
5,[1.75 1.75],[3 0],0.8,0.17,0.83
5,[1.25 2.25],[1 0],0.69,0.7,0.82
5,[2.25 2.25],[2 0],0.71,0.56,0.6
5,[1.25 1.75],[1 0],0.63,0.84,0.64
5,[2.25 1.75],[3 0],0.59,0.29,1
5,[1.75 2.25],[1 0],0.57,0.8,0.43
5,[1.75 2.25],[2 0],0.74,0.58,0.56
5,[1.75 1.25],[2 0],0.74,0.59,0.53
5,[2.25 1.25],[3 0],0.77,0.13,0.88
5,[1.75 1.25],[1 0],0.72,0.81,0.58
5,[1.25 2.25],[2 0],0.7,0.59,0.82
5,[1.25 1.25],[2 0],0.7,0.58,0.52
5,[2.25 1.75],[1 0],0.63,0.85,0.16
5,[1.75 2.25],[3 0],0.77,0.22,0.94
5,[2.25 1.25],[2 0],0.66,0.5,0.73
5,[1.25 1.75],[2 0],0.75,0.46,0.83
5,[1.25 1.25],[1 0],0.66,0.83,0.16
5,[1.75 1.75],[2 0],0.71,0.57,0.82
6,[2.25 1.75],[2 0],0.92,0.06,0.82
6,[1.25 1.75],[1 0],0.78,0.54,0.54
6,[2.25 2.25],[2 0],0.89,0.61,0.84
6,[1.25 2.25],[2 0],0.89,0.36,0.58
6,[2.25 1.25],[3 0],0.98,0.01,0.85
6,[2.25 1.25],[1 0],0.7,0.45,0.63
6,[1.75 2.25],[1 0],0.69,0.57,0.57
6,[1.75 2.25],[3 0],0.95,0.11,0.68
6,[1.75 1.75],[2 0],0.92,0.41,0.67
6,[2.25 1.25],[2 0],0.95,0.74,0.73
6,[1.75 1.25],[3 0],0.99,0.01,0.86
6,[1.75 1.25],[2 0],0.95,0.44,0.64
6,[1.25 1.25],[3 0],0.98,0.21,0.6
6,[1.75 1.75],[1 0],0.91,0.25,0.68
6,[1.75 1.75],[3 0],0.99,0.47,0.65
6,[2.25 2.25],[1 0],0.73,0.83,0.59
6,[1.25 1.25],[1 0],0.8,0.82,0.46
6,[1.75 2.25],[2 0],0.94,0.57,0.72
6,[2.25 1.75],[3 0],0.95,0.21,0.93
6,[2.25 2.25],[3 0],0.96,1,0.92
6,[1.25 1.25],[2 0],0.91,0.57,0.74
6,[1.25 2.25],[1 0],0.99,0.82,0.58
6,[1.25 1.75],[3 0],0.93,0.66,0.73
6,[1.25 2.25],[3 0],0.96,0.57,0.64
6,[1.75 1.25],[1 0],0.94,0.96,0.53
6,[1.25 1.75],[2 0],0.94,0.67,0.64
6,[2.25 1.75],[1 0],0.94,0.65,0.64
7,[1.25 1.75],[1 0],0.57,0.89,0.42
7,[1.75 1.25],[1 0],0.5,0.8,0.29
7,[1.75 1.75],[1 0],0.55,0.88,0.28
7,[1.25 1.25],[3 0],0.9,0.45,0.38
7,[1.75 1.75],[3 0],0.81,0.41,0.31
7,[2.25 2.25],[1 0],0.52,0.76,0.62
7,[1.75 2.25],[2 0],0.67,0.46,0.45
7,[2.25 1.25],[2 0],0.74,0.52,0.37
7,[2.25 1.25],[3 0],0.87,0.44,0.46
7,[2.25 1.75],[3 0],0.77,0.49,0.54
7,[1.75 1.75],[2 0],0.71,0.52,0.55
7,[1.75 2.25],[3 0],0.8,0.51,0.32
7,[1.75 1.25],[2 0],0.6,0.55,0.47
7,[1.25 1.75],[3 0],0.75,0.46,0.46
7,[1.75 1.25],[3 0],0.77,0.59,0.23
7,[1.25 1.25],[2 0],0.64,0.71,0.52
7,[1.25 1.25],[1 0],0.53,0.95,0.3
7,[2.25 2.25],[2 0],0.58,0.71,0.35
7,[2.25 1.75],[1 0],0.5,0.81,0.49
7,[1.75 2.25],[1 0],0.52,0.82,0.42
7,[2.25 2.25],[3 0],0.8,0.49,0.26
7,[1.25 2.25],[3 0],0.83,0.36,0.21
7,[1.25 2.25],[2 0],0.64,0.59,0.61
7,[1.25 2.25],[1 0],0.58,0.89,0.37
7,[1.25 1.75],[2 0],0.68,0.59,0.45
7,[2.25 1.75],[2 0],0.61,0.58,0.4
7,[2.25 1.25],[1 0],0.58,0.87,0.34
8,[1.25 2.25],[3 0],0.85,0.88,0.84
8,[1.75 1.75],[3 0],0.88,0.16,0.98
8,[2.25 2.25],[3 0],1,0.08,0.98
8,[1.25 1.25],[2 0],0.74,0.36,0.8
8,[1.75 2.25],[3 0],0.79,0.1,0.99
8,[2.25 1.75],[1 0],0.57,0.74,0.26
8,[1.75 1.75],[1 0],0.5,0.73,0.22
8,[1.25 1.25],[1 0],0.63,0.79,0.37
8,[1.75 1.25],[2 0],0.57,0.56,0.8
8,[2.25 2.25],[2 0],0.7,0.32,0.26
8,[2.25 1.25],[1 0],0.45,0.58,0.29
8,[1.75 2.25],[1 0],0.39,0.83,0.23
8,[1.25 2.25],[1 0],0.52,0.7,0.31
8,[1.25 1.75],[2 0],0.81,0.29,0.54
8,[1.25 1.75],[1 0],0.34,0.84,0.18
8,[2.25 1.75],[3 0],1,0.02,0.97
8,[1.75 2.25],[2 0],0.69,0.29,0.75
8,[1.25 2.25],[2 0],0.57,0.32,0.63
8,[1.75 1.75],[2 0],0.52,0.35,0.52
8,[1.75 1.25],[3 0],0.74,0.13,0.98
8,[2.25 1.75],[2 0],1,0.45,0.65
8,[2.25 1.25],[3 0],0.97,0,0.99
8,[1.25 1.25],[3 0],1,0.13,0.99
8,[2.25 1.25],[2 0],0.69,0.29,0.98
8,[2.25 2.25],[1 0],0.55,0.88,0.26
8,[1.25 1.75],[3 0],1,0.31,0.98
8,[1.75 1.25],[1 0],0.51,0.76,0.26
9,[1.25 2.25],[1 0],0.16,0.74,0.18
9,[2.25 2.25],[3 0],0.92,0.13,1
9,[2.25 1.75],[3 0],0.87,0.17,1
9,[1.25 1.75],[3 0],0.79,0.62,0.94
9,[2.25 2.25],[2 0],0.44,0.61,0.64
9,[2.25 1.75],[2 0],0.68,0.58,0.76
9,[1.25 1.25],[1 0],0.41,0.62,0.2
9,[1.75 1.75],[3 0],0.57,0.04,0.52
9,[1.25 1.75],[2 0],0.35,0.66,0.26
9,[2.25 2.25],[1 0],0.34,0.33,0.39
9,[2.25 1.25],[2 0],0.39,0.79,0.72
9,[1.75 1.75],[1 0],0.4,0.59,0.26
9,[1.75 2.25],[2 0],0.41,0.18,0.38
9,[2.25 1.75],[1 0],0.41,0.27,0.22
9,[2.25 1.25],[1 0],0.32,0.54,0.33
9,[1.75 1.25],[3 0],0.87,0.11,0.76
9,[1.75 1.25],[2 0],0.38,0.25,0.46
9,[1.25 1.75],[1 0],0.38,0.48,0.17
9,[1.25 2.25],[2 0],0.44,0.32,0.3
9,[2.25 1.25],[3 0],0.73,0.13,0.99
9,[1.25 1.25],[2 0],0.54,0.43,0.75
9,[1.75 1.25],[1 0],0.46,0.7,0.24
9,[1.25 2.25],[3 0],0.74,0.05,0.65
9,[1.25 1.25],[3 0],0.59,0.07,0.62
9,[1.75 1.75],[2 0],0.5,0.21,0.43
9,[1.75 2.25],[3 0],0.43,0.03,0.78
9,[1.75 2.25],[1 0],0.55,0.74,0.15
10,[1.25 1.75],[1 0],0.66,0.98,0.43
10,[1.25 1.25],[1 0],0.67,0.98,0.22
10,[1.75 1.75],[1 0],0.68,0.98,0.28
10,[1.75 2.25],[1 0],0.74,0.89,0.36
10,[1.25 2.25],[3 0],0.99,0.19,0.56
10,[2.25 2.25],[1 0],0.68,0.67,0.35
10,[1.25 1.25],[2 0],0.8,0.45,0.36
10,[2.25 1.25],[2 0],0.86,0.21,0.5
10,[2.25 1.75],[2 0],0.74,0.16,0.26
10,[2.25 2.25],[3 0],0.99,0,0.8
10,[1.75 1.25],[2 0],0.82,0.3,0.65
10,[2.25 1.25],[3 0],0.99,0.05,0.85
10,[1.75 1.25],[3 0],0.97,0.13,0.61
10,[1.75 1.75],[2 0],0.77,0.25,0.36
10,[1.25 1.75],[3 0],0.99,0.07,0.75
10,[1.25 1.25],[3 0],1,0.07,0.56
10,[1.75 1.25],[1 0],0.62,0.53,0.29
10,[2.25 1.75],[3 0],0.96,0.06,0.72
10,[1.25 2.25],[1 0],0.55,0.68,0.27
10,[2.25 2.25],[2 0],0.74,0.51,0.43
10,[1.75 2.25],[2 0],0.72,0.34,0.59
10,[1.25 1.75],[2 0],0.9,0.26,0.47
10,[2.25 1.75],[1 0],0.53,0.5,0.17
10,[1.75 2.25],[3 0],0.94,0.22,0.53
10,[1.25 2.25],[2 0],0.74,0.38,0.4
10,[2.25 1.25],[1 0],0.47,0.83,0.43
10,[1.75 1.75],[3 0],0.97,0.21,0.38
11,[2.25 1.75],[3 0],0.55,0.67,0.75
11,[1.75 1.75],[1 0],0.53,0.74,0.33
11,[1.75 1.25],[1 0],0.48,0.68,0.23
11,[1.75 2.25],[1 0],0.52,0.72,0.33
11,[2.25 2.25],[3 0],0.73,0.53,0.99
11,[2.25 2.25],[1 0],0.52,0.59,0.28
11,[1.75 2.25],[2 0],0.59,0.62,0.74
11,[2.25 1.25],[1 0],0.49,0.7,0.17
11,[1.25 2.25],[3 0],0.82,0.47,0.85
11,[1.25 1.75],[3 0],0.81,0.55,1
11,[1.25 1.25],[2 0],0.6,0.56,0.71
11,[1.75 1.25],[3 0],0.78,0.48,0.99
11,[2.25 1.25],[2 0],0.65,0.47,0.64
11,[2.25 2.25],[2 0],0.67,0.5,0.68
11,[1.25 1.75],[2 0],0.71,0.5,0.68
11,[1.25 1.25],[1 0],0.48,0.55,0.31
11,[1.75 2.25],[3 0],0.75,0.46,0.97
11,[2.25 1.25],[3 0],0.77,0.52,0.98
11,[1.25 2.25],[2 0],0.62,0.48,0.75
11,[2.25 1.75],[1 0],0.49,0.52,0.3
11,[1.25 1.75],[1 0],0.39,0.53,0.32
11,[1.75 1.75],[2 0],0.6,0.42,0.79
11,[1.25 2.25],[1 0],0.51,0.52,0.29
11,[1.75 1.75],[3 0],0.77,0.41,0.99
11,[1.25 1.25],[3 0],0.83,0.41,0.96
11,[1.75 1.25],[2 0],0.64,0.47,0.67
11,[2.25 1.75],[2 0],0.69,0.5,0.84
12,[1.25 1.25],[1 0],0.54,0.43,0.29
12,[2.25 1.75],[3 0],0.81,0.02,0.99
12,[1.75 1.75],[3 0],0.88,0.22,0.95
12,[1.25 1.75],[1 0],0.47,0.47,0.25
12,[1.25 1.25],[3 0],0.78,0.12,0.98
12,[2.25 2.25],[3 0],0.83,0.02,0.99
12,[2.25 2.25],[1 0],0.7,0.01,0.2
12,[2.25 1.25],[1 0],0.56,0.35,0.29
12,[1.75 1.25],[1 0],0.51,0.4,0.29
12,[1.25 2.25],[3 0],0.51,0.43,0.97
12,[1.75 1.25],[2 0],0.49,0.56,0.52
12,[2.25 1.25],[3 0],0.81,0.08,0.98
12,[1.25 2.25],[1 0],0.39,0.51,0.25
12,[2.25 1.75],[1 0],0.59,0.27,0.22
12,[2.25 1.75],[2 0],0.76,0.22,0.65
12,[2.25 2.25],[2 0],0.76,0.02,0.52
12,[1.75 1.75],[2 0],0.62,0.09,0.52
12,[1.25 1.75],[2 0],0.58,0.15,0.51
12,[1.25 1.75],[3 0],0.48,0.09,0.98
12,[1.75 1.75],[1 0],0.36,0.28,0.28
12,[1.75 1.25],[3 0],0.63,0,0.99
12,[1.25 1.25],[2 0],0.38,0.18,0.52
12,[2.25 1.25],[2 0],0.87,0.24,0.52
12,[1.75 2.25],[1 0],0.45,0.46,0.25
12,[1.75 2.25],[2 0],0.38,0.31,0.52
12,[1.25 2.25],[2 0],0.3,0.25,0.57
12,[1.75 2.25],[3 0],0.57,0,0.91
13,[1.75 1.75],[3 0],0.96,0.04,0.79
13,[1.75 1.25],[2 0],0.75,0.31,0.85
13,[1.75 1.75],[2 0],0.7,0.2,0.6
13,[1.25 1.75],[3 0],0.94,0.1,0.68
13,[1.75 1.25],[1 0],0.58,0.38,0.57
13,[1.75 1.25],[3 0],0.92,0.02,0.67
13,[1.75 2.25],[3 0],0.96,0.02,0.58
13,[2.25 2.25],[3 0],0.97,0.04,0.86
13,[1.75 1.75],[1 0],0.4,0.37,0.41
13,[1.25 1.25],[2 0],0.66,0.26,0.67
13,[1.25 1.75],[2 0],0.74,0.18,0.58
13,[2.25 1.75],[2 0],0.7,0.11,0.68
13,[2.25 1.75],[1 0],0.58,0.41,0.74
13,[2.25 2.25],[2 0],0.71,0.24,0.76
13,[2.25 1.25],[3 0],0.96,0.01,0.93
13,[1.25 1.75],[1 0],0.61,0.34,0.25
13,[1.75 2.25],[1 0],0.6,0.43,0.22
13,[1.75 2.25],[2 0],0.58,0.18,0.36
13,[2.25 1.25],[2 0],0.79,0.08,0.91
13,[2.25 2.25],[1 0],0.6,0.42,0.5
13,[1.25 1.25],[1 0],0.6,0.45,0.51
13,[2.25 1.25],[1 0],0.65,0.34,0.91
13,[1.25 2.25],[1 0],0.57,0.33,0.2
13,[1.25 2.25],[3 0],0.73,0.08,0.83
13,[1.25 1.25],[3 0],0.76,0.06,0.69
13,[1.25 2.25],[2 0],0.75,0.22,0.54
13,[2.25 1.75],[3 0],0.98,0.02,0.79
14,[1.75 1.75],[1 0],0.38,0.26,0.76
14,[2.25 1.75],[3 0],0.86,0.24,1
14,[2.25 2.25],[2 0],0.61,0.36,0.87
14,[1.25 1.25],[1 0],0.33,0.69,0.68
14,[1.75 1.25],[2 0],0.65,0.35,0.9
14,[1.75 1.25],[1 0],0.32,0.71,0.76
14,[1.25 1.75],[3 0],0.97,0.17,0.96
14,[1.25 1.75],[1 0],0.5,0.84,0.63
14,[1.75 2.25],[3 0],0.57,0.12,0.93
14,[1.75 1.75],[3 0],0.7,0.17,1
14,[2.25 1.75],[1 0],0.55,0.52,0.87
14,[1.75 2.25],[2 0],0.58,0.72,0.93
14,[2.25 1.75],[2 0],0.62,0.52,0.95
14,[1.25 1.75],[2 0],0.67,0.68,0.79
14,[1.25 2.25],[1 0],0.4,0.77,0.73
14,[1.75 2.25],[1 0],0.35,0.82,0.77
14,[2.25 2.25],[3 0],0.97,0.14,1
14,[1.25 2.25],[2 0],0.7,0.34,0.72
14,[2.25 1.25],[3 0],0.97,0.15,1
14,[2.25 2.25],[1 0],0.39,0.84,0.77
14,[1.75 1.75],[2 0],0.71,0.44,0.81
14,[1.25 2.25],[3 0],0.91,0.11,0.88
14,[2.25 1.25],[1 0],0.49,0.66,0.89
14,[1.75 1.25],[3 0],0.96,0.07,0.83
14,[1.25 1.25],[3 0],0.91,0.29,0.97
14,[1.25 1.25],[2 0],0.66,0.56,0.79
14,[2.25 1.25],[2 0],0.69,0.28,1
15,[1.25 1.75],[2 0],0.95,0.18,0.29
15,[1.75 1.75],[1 0],0.88,0.22,0.48
15,[1.75 1.75],[3 0],0.98,0.07,0.73
15,[2.25 2.25],[3 0],0.92,0.05,0.66
15,[2.25 1.75],[3 0],0.96,0.04,0.83
15,[1.25 2.25],[1 0],0.82,0.16,0.22
15,[2.25 1.25],[3 0],0.98,0.27,0.81
15,[1.25 1.25],[2 0],0.96,0.62,0.48
15,[1.25 1.75],[1 0],0.74,0.31,0.26
15,[1.75 1.25],[1 0],0.82,0.35,0.3
15,[1.75 2.25],[2 0],0.88,0.32,0.57
15,[1.75 1.25],[2 0],0.76,0.12,0.63
15,[1.25 2.25],[2 0],0.7,0.22,0.42
15,[1.75 2.25],[3 0],0.91,0.4,0.66
15,[2.25 1.25],[1 0],0.65,0.33,0.78
15,[1.25 1.75],[3 0],0.98,0.43,0.51
15,[1.75 2.25],[1 0],0.62,0.29,0.28
15,[2.25 1.75],[1 0],0.68,0.39,0.54
15,[1.25 1.25],[1 0],0.65,0.33,0.3
15,[2.25 2.25],[2 0],0.63,0.33,0.73
15,[1.75 1.25],[3 0],0.91,0.52,0.98
15,[2.25 2.25],[1 0],0.64,0.4,0.53
15,[2.25 1.25],[2 0],0.85,0.31,0.62
15,[1.75 1.75],[2 0],0.95,0.3,0.49
15,[1.25 1.25],[3 0],0.77,0.48,0.8
15,[2.25 1.75],[2 0],0.77,0.28,0.68
15,[1.25 2.25],[3 0],0.85,0.36,0.7
16,[2.25 2.25],[2 0],0.94,0.16,0.5
16,[1.25 1.75],[1 0],0.56,0.49,0.23
16,[1.25 2.25],[1 0],0.66,0.43,0.25
16,[1.25 1.75],[2 0],0.92,0.18,0.5
16,[1.75 2.25],[3 0],1,0,0.98
16,[2.25 1.25],[1 0],0.56,0.31,0.3
16,[1.75 2.25],[1 0],0.59,0.42,0.22
16,[2.25 1.75],[2 0],0.75,0.34,0.52
16,[1.25 1.75],[3 0],1,0,0.85
16,[1.75 1.25],[1 0],0.58,0.44,0.26
16,[1.75 1.75],[2 0],0.72,0.53,0.53
16,[1.75 2.25],[2 0],0.63,0.38,0.57
16,[1.75 1.25],[2 0],0.6,0.42,0.54
16,[2.25 2.25],[3 0],1,0,0.84
16,[1.75 1.25],[3 0],1,0,0.87
16,[2.25 1.25],[3 0],1,0,0.97
16,[1.25 1.25],[3 0],1,0,0.79
16,[1.25 2.25],[3 0],1,0,0.98
16,[1.75 1.75],[3 0],1,0,0.98
16,[2.25 1.75],[3 0],1,0,0.97
16,[1.25 2.25],[2 0],0.67,0.43,0.38
16,[1.75 1.75],[1 0],0.51,0.53,0.26
16,[2.25 2.25],[1 0],0.48,0.48,0.51
16,[2.25 1.25],[2 0],0.62,0.41,0.54
16,[1.25 1.25],[2 0],0.57,0.46,0.5
16,[2.25 1.75],[1 0],0.66,0.34,0.33
16,[1.25 1.25],[1 0],0.36,0.65,0.34
17,[1.75 2.25],[1 0],0.45,0.75,0.56
17,[1.25 1.75],[3 0],0.84,0.13,1
17,[1.75 1.75],[1 0],0.47,0.7,0.66
17,[2.25 1.25],[2 0],0.73,0.5,0.93
17,[2.25 1.75],[2 0],0.64,0.43,0.85
17,[2.25 2.25],[1 0],0.48,0.76,0.52
17,[1.25 2.25],[3 0],0.85,0.07,1
17,[1.25 1.25],[3 0],0.74,0.13,1
17,[2.25 1.25],[1 0],0.43,0.63,0.6
17,[1.75 1.25],[2 0],0.56,0.41,0.74
17,[2.25 1.25],[3 0],0.75,0.23,1
17,[1.75 1.75],[2 0],0.54,0.4,0.58
17,[2.25 2.25],[3 0],0.74,0.12,1
17,[1.25 1.25],[1 0],0.56,0.66,0.54
17,[1.25 1.75],[2 0],0.6,0.4,0.59
17,[1.25 2.25],[1 0],0.54,0.73,0.4
17,[1.75 1.25],[1 0],0.55,0.71,0.69
17,[1.75 1.75],[3 0],0.72,0.14,1
17,[1.25 1.25],[2 0],0.55,0.38,0.7
17,[1.75 2.25],[3 0],0.73,0.15,1
17,[1.25 1.75],[1 0],0.52,0.7,0.78
17,[1.25 2.25],[2 0],0.69,0.35,0.6
17,[2.25 1.75],[1 0],0.53,0.79,0.51
17,[1.75 2.25],[2 0],0.65,0.33,0.75
17,[2.25 2.25],[2 0],0.65,0.32,0.74
17,[1.75 1.25],[3 0],0.69,0.11,1
17,[2.25 1.75],[3 0],0.75,0.17,0.98
18,[1.75 1.25],[2 0],0.58,0.36,0.6
18,[2.25 1.25],[2 0],0.63,0.44,0.69
18,[1.25 1.75],[2 0],0.65,0.34,0.68
18,[2.25 1.25],[3 0],0.71,0.14,0.83
18,[1.25 2.25],[3 0],0.71,0.07,0.83
18,[2.25 2.25],[3 0],0.75,0.12,0.85
18,[2.25 1.75],[1 0],0.61,0.47,0.55
18,[1.75 1.75],[1 0],0.67,0.57,0.53
18,[1.75 1.25],[1 0],0.66,0.57,0.6
18,[2.25 1.75],[3 0],0.8,0.11,0.83
18,[1.25 1.25],[3 0],0.77,0.16,0.74
18,[1.75 1.75],[2 0],0.52,0.33,0.64
18,[1.25 2.25],[2 0],0.54,0.43,0.65
18,[1.75 2.25],[3 0],0.75,0.13,0.78
18,[2.25 1.75],[2 0],0.72,0.24,0.66
18,[2.25 1.25],[1 0],0.53,0.64,0.44
18,[1.75 2.25],[2 0],0.68,0.38,0.62
18,[1.25 1.25],[1 0],0.52,0.7,0.47
18,[1.25 2.25],[1 0],0.6,0.64,0.61
18,[1.25 1.25],[2 0],0.67,0.42,0.69
18,[1.25 1.75],[1 0],0.61,0.75,0.44
18,[1.75 1.75],[3 0],0.83,0.11,0.79
18,[2.25 2.25],[1 0],0.5,0.49,0.56
18,[2.25 2.25],[2 0],0.71,0.3,0.83
18,[1.75 1.25],[3 0],0.81,0.09,0.87
18,[1.25 1.75],[3 0],0.82,0.19,0.71
18,[1.75 2.25],[1 0],0.53,0.42,0.47
19,[1.25 2.25],[3 0],1,0.02,0.9
19,[1.25 1.75],[3 0],0.97,0,0.92
19,[1.75 1.25],[2 0],0.73,0.38,0.5
19,[1.75 1.25],[3 0],1,0,0.93
19,[1.75 1.75],[1 0],0.48,1,0.59
19,[2.25 2.25],[2 0],0.64,0.34,0.86
19,[1.25 2.25],[2 0],0.7,0.28,0.64
19,[2.25 1.75],[1 0],0.54,0.97,0.62
19,[2.25 1.25],[1 0],0.43,0.98,0.21
19,[1.25 2.25],[1 0],0.5,1,0.3
19,[1.75 2.25],[2 0],0.69,0.36,0.56
19,[1.75 1.75],[2 0],0.69,0.3,0.76
19,[1.75 2.25],[3 0],0.94,0.05,0.95
19,[2.25 1.75],[3 0],0.94,0.02,0.96
19,[2.25 2.25],[3 0],0.98,0.02,0.96
19,[2.25 1.25],[2 0],0.77,0.39,0.78
19,[1.25 1.75],[2 0],0.77,0.38,0.65
19,[2.25 1.75],[2 0],0.7,0.32,0.73
19,[1.25 1.25],[1 0],0.49,0.96,0.57
19,[1.75 2.25],[1 0],0.48,0.99,0.25
19,[1.25 1.25],[2 0],0.69,0.33,0.57
19,[1.75 1.75],[3 0],0.94,0.04,0.64
19,[2.25 2.25],[1 0],0.49,0.93,0.16
19,[1.25 1.25],[3 0],0.91,0.04,0.76
19,[2.25 1.25],[3 0],0.99,0.02,1
19,[1.75 1.25],[1 0],0.49,0.98,0.69
19,[1.25 1.75],[1 0],0.52,0.98,0.39
20,[1.25 1.75],[3 0],0.76,0.35,0.51
20,[1.75 1.25],[2 0],0.59,0.32,0.48
20,[1.75 2.25],[2 0],0.57,0.29,0.52
20,[1.25 2.25],[2 0],0.56,0.27,0.45
20,[1.75 2.25],[1 0],0.35,0.23,0.17
20,[2.25 2.25],[3 0],0.85,0.5,0.99
20,[2.25 2.25],[2 0],0.54,0.28,0.76
20,[1.75 1.75],[2 0],0.55,0.22,0.58
20,[1.75 1.25],[3 0],0.77,0.47,0.66
20,[2.25 2.25],[1 0],0.47,0.18,0.13
20,[1.25 1.25],[3 0],0.79,0.41,0.97
20,[1.75 1.75],[1 0],0.43,0.17,0.1
20,[1.75 1.75],[3 0],0.74,0.2,0.58
20,[1.25 1.75],[1 0],0.55,0.27,0.18
20,[1.25 2.25],[1 0],0.5,0.38,0.21
20,[2.25 1.75],[1 0],0.57,0.51,0.42
20,[2.25 1.25],[1 0],0.52,0.5,0.02
20,[2.25 1.75],[3 0],0.92,0.45,0.97
20,[2.25 1.25],[3 0],0.93,0.44,0.89
20,[1.25 1.75],[2 0],0.69,0.34,0.42
20,[1.75 1.25],[1 0],0.52,0.52,0.08
20,[1.25 2.25],[3 0],0.81,0.48,0.84
20,[2.25 1.75],[2 0],0.62,0.45,0.65
20,[1.25 1.25],[2 0],0.76,0.52,0.73
20,[2.25 1.25],[2 0],0.6,0.36,0.44
20,[1.25 1.25],[1 0],0.48,0.37,0.14
20,[1.75 2.25],[3 0],0.86,0.48,0.99
21,[1.75 1.25],[1 0],0.32,0.82,0.21
21,[1.25 1.75],[1 0],0.73,0.26,0.19
21,[1.75 1.75],[1 0],0.53,0.36,0.17
21,[1.75 1.25],[2 0],0.84,0.09,0.31
21,[2.25 1.75],[1 0],0.61,0.63,0.31
21,[2.25 1.75],[2 0],0.88,0.18,0.61
21,[1.75 1.25],[3 0],0.97,0.02,0.91
21,[2.25 2.25],[2 0],0.84,0.17,0.28
21,[1.25 1.75],[2 0],0.76,0.3,0.28
21,[1.75 2.25],[1 0],0.84,0.21,0.19
21,[1.75 1.75],[2 0],0.94,0.05,0.48
21,[1.75 2.25],[3 0],0.98,0.04,0.6
21,[1.25 1.25],[2 0],0.78,0.11,0.26
21,[1.75 2.25],[2 0],0.85,0.06,0.39
21,[2.25 1.25],[1 0],0.55,0.48,0.28
21,[1.25 1.75],[3 0],0.99,0.01,0.49
21,[2.25 1.75],[3 0],0.99,0.02,0.75
21,[1.25 2.25],[3 0],0.99,0,0.47
21,[1.25 1.25],[3 0],0.97,0.01,0.62
21,[2.25 2.25],[1 0],0.53,0.54,0.42
21,[1.25 2.25],[2 0],0.64,0.29,0.35
21,[1.75 1.75],[3 0],1,0.01,0.56
21,[2.25 1.25],[3 0],0.98,0.01,0.65
21,[2.25 2.25],[3 0],0.97,0,0.75
21,[1.25 2.25],[1 0],0.49,0.48,0.13
21,[2.25 1.25],[2 0],0.8,0.19,0.41
21,[1.25 1.25],[1 0],0.5,0.51,0.16
22,[1.25 1.25],[2 0],0.87,0.15,0.51
22,[2.25 1.25],[3 0],0.92,0.03,0.68
22,[1.25 2.25],[3 0],0.88,0.13,0.77
22,[1.25 2.25],[2 0],0.74,0.34,0.37
22,[2.25 1.25],[1 0],0.65,0.65,0.38
22,[1.25 1.75],[2 0],0.73,0.42,0.48
22,[1.75 1.25],[2 0],0.79,0.45,0.35
22,[1.75 1.25],[1 0],0.47,0.63,0.46
22,[1.75 2.25],[3 0],0.91,0.11,0.74
22,[1.25 1.75],[1 0],0.38,0.62,0.36
22,[2.25 2.25],[2 0],0.59,0.33,0.49
22,[2.25 1.75],[2 0],0.81,0.36,0.49
22,[1.25 1.25],[1 0],0.71,0.79,0.4
22,[1.25 2.25],[1 0],0.69,0.74,0.27
22,[1.75 1.25],[3 0],0.94,0.06,0.77
22,[2.25 2.25],[1 0],0.85,0.72,0.42
22,[1.75 1.75],[1 0],0.73,0.65,0.32
22,[1.75 1.75],[2 0],0.57,0.32,0.39
22,[1.25 1.75],[3 0],0.69,0.06,0.72
22,[2.25 2.25],[3 0],0.72,0.16,0.76
22,[1.75 2.25],[2 0],0.64,0.42,0.52
22,[1.25 1.25],[3 0],0.91,0.11,0.73
22,[2.25 1.75],[1 0],0.89,0.67,0.38
22,[2.25 1.25],[2 0],0.67,0.48,0.4
22,[1.75 1.75],[3 0],0.95,0.1,0.69
22,[2.25 1.75],[3 0],0.98,0.06,0.76
22,[1.75 2.25],[1 0],0.52,0.7,0.48
23,[2.25 1.25],[3 0],0.92,0.88,1
23,[1.75 2.25],[1 0],0.72,0.82,0.13
23,[2.25 2.25],[1 0],0.74,0.77,0.12
23,[1.75 1.75],[2 0],0.88,0.6,0.27
23,[1.25 2.25],[1 0],0.42,0.71,0.07
23,[1.25 1.75],[3 0],0.8,0.68,0.95
23,[1.25 1.75],[2 0],0.7,0.71,0.58
23,[2.25 1.25],[2 0],0.82,0.69,0.59
23,[2.25 1.75],[2 0],0.76,0.72,0.1
23,[1.25 2.25],[3 0],0.86,0.72,1
23,[1.75 1.75],[1 0],0.63,0.6,0.35
23,[1.25 1.25],[2 0],0.7,0.79,0.76
23,[1.75 2.25],[2 0],0.68,0.65,0.7
23,[2.25 2.25],[3 0],0.89,0.91,1
23,[1.75 2.25],[3 0],0.82,0.73,1
23,[1.25 1.75],[1 0],0.57,0.63,0.15
23,[1.25 1.25],[1 0],0.54,0.86,0.08
23,[2.25 1.75],[1 0],0.6,0.65,0.49
23,[1.75 1.25],[3 0],0.87,0.78,1
23,[1.25 1.25],[3 0],0.92,0.68,1
23,[1.25 2.25],[2 0],0.71,0.8,0.23
23,[1.75 1.75],[3 0],0.9,0.67,1
23,[1.75 1.25],[1 0],0.56,0.85,0.27
23,[2.25 1.75],[3 0],0.91,0.73,1
23,[2.25 2.25],[2 0],0.78,0.83,0.75
23,[2.25 1.25],[1 0],0.58,0.88,0.27
23,[1.75 1.25],[2 0],0.84,0.94,0.36
24,[1.75 2.25],[1 0],0.28,0.82,0.32
24,[1.75 2.25],[2 0],0.72,0.26,0.51
24,[2.25 1.25],[1 0],0.28,0.7,0.55
24,[1.25 1.75],[1 0],0.45,0.73,0.31
24,[2.25 1.75],[1 0],0.3,0.77,0.43
24,[2.25 1.75],[3 0],1,0,0.7
24,[1.25 1.25],[2 0],0.62,0.39,0.56
24,[2.25 1.75],[2 0],1,0.32,0.62
24,[1.25 2.25],[2 0],0.74,0.35,0.54
24,[1.25 2.25],[3 0],1,0,0.52
24,[1.25 1.25],[1 0],0.29,0.71,0.51
24,[1.25 1.75],[2 0],0.5,0.49,0.4
24,[1.25 1.25],[3 0],1,0,0.58
24,[1.75 1.75],[1 0],0.19,0.71,0.46
24,[2.25 1.25],[2 0],0.43,0.43,0.95
24,[1.75 1.25],[1 0],0.26,0.5,0.65
24,[2.25 2.25],[2 0],0.45,0.45,0.93
24,[2.25 2.25],[1 0],0.27,0.66,0.9
24,[2.25 1.25],[3 0],1,0,0.93
24,[1.75 1.75],[2 0],0.57,0.46,0.57
24,[1.75 2.25],[3 0],1,0,0.63
24,[1.75 1.75],[3 0],0.99,0,0.66
24,[1.75 1.25],[3 0],1,0,0.67
24,[1.25 1.75],[3 0],1,0,0.45
24,[1.25 2.25],[1 0],0.24,0.72,0.35
24,[1.75 1.25],[2 0],0.47,0.48,0.61
24,[2.25 2.25],[3 0],1,0.1,0.24
25,[1.25 2.25],[3 0],0.72,0.11,1
25,[1.75 2.25],[2 0],0.5,0.38,0.6
25,[1.75 2.25],[3 0],0.62,0.28,0.77
25,[2.25 1.25],[3 0],0.62,0.29,1
25,[2.25 1.25],[2 0],0.47,0.56,0.75
25,[1.25 1.75],[1 0],0.36,0.6,0.13
25,[1.25 2.25],[1 0],0.46,0.58,0.1
25,[2.25 2.25],[1 0],0.48,0.67,0.48
25,[1.25 1.25],[2 0],0.61,0.33,0.64
25,[1.75 1.25],[2 0],0.45,0.25,0.62
25,[1.25 1.25],[3 0],0.55,0.19,0.9
25,[2.25 1.75],[3 0],0.63,0.18,1
25,[1.75 1.25],[3 0],0.63,0.08,0.79
25,[1.75 1.25],[1 0],0.56,0.7,0.3
25,[1.25 1.75],[3 0],0.51,0.21,0.68
25,[1.75 1.75],[2 0],0.58,0.53,0.61
25,[1.25 1.25],[1 0],0.46,0.76,0.37
25,[2.25 1.25],[1 0],0.51,0.72,0.56
25,[1.75 2.25],[1 0],0.44,0.71,0.15
25,[1.75 1.75],[1 0],0.46,0.66,0.32
25,[2.25 2.25],[3 0],0.59,0.14,1
25,[1.25 1.75],[2 0],0.51,0.35,0.6
25,[2.25 1.75],[2 0],0.6,0.41,0.77
25,[1.75 1.75],[3 0],0.45,0.04,0.76
25,[2.25 1.75],[1 0],0.47,0.65,0.63
25,[2.25 2.25],[2 0],0.44,0.4,0.75
25,[1.25 2.25],[2 0],0.45,0.41,0.42
26,[1.25 1.25],[3 0],0.96,0.01,0.98
26,[2.25 2.25],[1 0],0.56,0.74,0.86
26,[2.25 1.75],[1 0],0.67,0.87,0.55
26,[1.25 2.25],[3 0],0.96,0.07,0.98
26,[1.25 1.25],[2 0],0.84,0.14,0.78
26,[1.75 1.75],[2 0],0.84,0.2,0.73
26,[1.25 1.75],[3 0],0.96,0.02,0.98
26,[1.75 1.25],[3 0],0.98,0.01,0.98
26,[1.25 2.25],[2 0],0.8,0.26,0.67
26,[1.75 1.75],[3 0],0.98,0.16,0.99
26,[1.75 2.25],[3 0],0.9,0.14,0.97
26,[2.25 1.75],[3 0],0.98,0.02,0.98
26,[2.25 1.25],[1 0],0.56,0.6,0.52
26,[1.75 1.25],[2 0],0.89,0.33,0.76
26,[1.75 2.25],[2 0],0.88,0.33,0.68
26,[1.75 1.75],[1 0],0.85,0.68,0.49
26,[2.25 1.75],[2 0],0.65,0.2,0.73
26,[1.25 1.75],[2 0],0.64,0.51,0.71
26,[1.25 1.75],[1 0],0.81,0.83,0.5
26,[2.25 1.25],[3 0],0.82,0,0.98
26,[1.75 2.25],[1 0],0.65,0.82,0.46
26,[2.25 2.25],[2 0],0.63,0.11,0.73
26,[1.75 1.25],[1 0],0.77,0.44,0.5
26,[1.25 1.25],[1 0],0.78,0.77,0.53
26,[2.25 1.25],[2 0],0.82,0.09,0.85
26,[2.25 2.25],[3 0],0.82,0.1,0.99
26,[1.25 2.25],[1 0],0.17,0.99,0.51
27,[1.75 1.75],[1 0],0.56,0.79,0.29
27,[1.75 2.25],[1 0],0.51,0.93,0.39
27,[1.75 2.25],[2 0],0.76,0.32,0.5
27,[1.75 2.25],[3 0],0.95,0.08,0.73
27,[2.25 1.75],[1 0],0.52,0.62,0.56
27,[2.25 2.25],[3 0],0.89,0.06,0.98
27,[1.25 1.75],[1 0],0.49,0.7,0.18
27,[1.25 2.25],[3 0],0.87,0.1,0.62
27,[1.75 1.25],[1 0],0.51,0.6,0.21
27,[2.25 1.25],[2 0],0.92,0.01,0.2
27,[1.75 1.75],[2 0],0.67,0.22,0.5
27,[1.25 1.75],[2 0],0.63,0.2,0.63
27,[2.25 1.75],[2 0],0.86,0.14,0.63
27,[1.75 1.25],[2 0],0.94,0.26,0.69
27,[2.25 1.75],[3 0],1,0.03,0.93
27,[2.25 1.25],[3 0],0.98,0.05,1
27,[1.75 1.25],[3 0],0.81,0.11,0.68
27,[2.25 2.25],[1 0],0.56,0.6,0.5
27,[1.25 1.75],[3 0],0.71,0.18,0.72
27,[2.25 1.25],[1 0],0.88,0.47,0.56
27,[1.25 1.25],[3 0],0.98,0.04,0.66
27,[1.25 1.25],[1 0],0.53,0.52,0.09
27,[1.25 2.25],[2 0],0.61,0.18,0.55
27,[1.25 2.25],[1 0],0.48,0.49,0.26
27,[1.25 1.25],[2 0],0.93,0.14,0.7
27,[2.25 2.25],[2 0],0.97,0.21,0.75
27,[1.75 1.75],[3 0],0.84,0.05,0.59
28,[1.75 2.25],[2 0],0.88,0.31,0.77
28,[2.25 1.25],[2 0],0.82,0.29,0.72
28,[2.25 2.25],[3 0],0.96,0.07,1
28,[1.25 1.75],[2 0],0.46,0.49,0.67
28,[1.25 1.25],[3 0],0.81,0.18,1
28,[1.25 1.75],[1 0],0.54,0.48,0.62
28,[2.25 1.75],[3 0],0.68,0.55,1
28,[1.25 1.75],[3 0],0.31,0.52,1
28,[2.25 1.75],[2 0],0.29,0.27,0.7
28,[1.75 1.25],[3 0],0.51,0.67,1
28,[1.75 2.25],[1 0],0.42,0.75,0.61
28,[2.25 2.25],[1 0],0.29,0.81,0.62
28,[2.25 1.75],[1 0],0.48,0.38,0.59
28,[2.25 1.25],[3 0],0.76,0.64,1
28,[1.75 1.25],[2 0],0.69,0.3,0.71
28,[1.25 2.25],[2 0],0.29,0.47,0.68
28,[1.25 2.25],[3 0],0.47,0.37,1
28,[1.25 1.25],[1 0],0.17,0.4,0.61
28,[1.75 1.75],[2 0],0.64,0.64,0.77
28,[1.25 1.25],[2 0],0.36,0.77,0.81
28,[1.75 2.25],[3 0],0.74,0.43,1
28,[1.25 2.25],[1 0],0.13,0.74,0.67
28,[1.75 1.75],[3 0],0.64,0.21,1
28,[2.25 1.25],[1 0],0.16,0.82,0.6
28,[1.75 1.25],[1 0],0.45,0.62,0.64
28,[1.75 1.75],[1 0],0.36,0.5,0.64
28,[2.25 2.25],[2 0],0.71,0.24,0.8
29,[1.75 1.75],[1 0],0.42,0.6,0.33
29,[2.25 2.25],[2 0],0.94,0.08,0.69
29,[1.25 1.25],[2 0],0.37,0.31,0.7
29,[1.25 1.25],[1 0],0.3,0.33,0.41
29,[2.25 2.25],[3 0],0.87,0.05,0.99
29,[1.75 2.25],[2 0],0.56,0.48,0.75
29,[2.25 1.25],[2 0],0.86,0.08,0.75
29,[1.75 2.25],[1 0],0.37,0.47,0.51
29,[1.25 2.25],[1 0],0.16,0.84,0.59
29,[1.25 2.25],[3 0],0.31,0.19,1
29,[2.25 1.75],[1 0],0.35,0.46,0.47
29,[2.25 1.25],[3 0],0.84,0.23,1
29,[1.75 1.75],[3 0],0.78,0.11,1
29,[1.75 2.25],[3 0],0.5,0.13,1
29,[1.25 2.25],[2 0],0.39,0.61,0.86
29,[1.75 1.75],[2 0],0.42,0.55,0.72
29,[1.75 1.25],[3 0],0.58,0.35,1
29,[1.25 1.25],[3 0],0.68,0.3,1
29,[2.25 1.75],[3 0],0.95,0.09,1
29,[1.25 1.75],[3 0],0.32,0.3,1
29,[1.75 1.25],[2 0],0.23,0.42,0.7
29,[1.25 1.75],[1 0],0.49,0.73,0.5
29,[1.25 1.75],[2 0],0.65,0.48,0.63
29,[2.25 2.25],[1 0],0.79,0.27,0.28
29,[2.25 1.25],[1 0],0.63,0.24,0.49
29,[1.75 1.25],[1 0],0.52,0.45,0.42
29,[2.25 1.75],[2 0],0.43,0.72,0.72
30,[1.25 2.25],[2 0],0.78,0.13,0.48
30,[2.25 2.25],[3 0],0.97,0.02,0.73
30,[1.25 1.75],[3 0],0.99,0.02,0.85
30,[1.75 1.75],[1 0],0.53,0.81,0.22
30,[2.25 2.25],[2 0],0.74,0.2,0.56
30,[1.75 1.75],[3 0],0.95,0.03,0.96
30,[1.75 1.75],[2 0],0.74,0.11,0.73
30,[1.75 1.25],[3 0],0.98,0.01,0.78
30,[1.75 2.25],[1 0],0.5,0.89,0.26
30,[2.25 1.75],[1 0],0.85,0.67,0.29
30,[1.25 1.25],[2 0],0.81,0.17,0.51
30,[1.75 1.25],[2 0],0.81,0.17,0.57
30,[1.25 1.25],[1 0],0.52,0.76,0.18
30,[1.75 2.25],[3 0],0.79,0.1,0.57
30,[1.75 2.25],[2 0],0.66,0.15,0.41
30,[2.25 2.25],[1 0],0.54,0.8,0.31
30,[2.25 1.75],[2 0],0.9,0.24,0.47
30,[2.25 1.25],[3 0],0.99,0,0.9
30,[2.25 1.25],[2 0],0.87,0.1,0.78
30,[1.25 1.25],[3 0],0.5,0.04,0.65
30,[1.25 1.75],[2 0],0.52,0.15,0.73
30,[2.25 1.75],[3 0],0.98,0.01,0.93
30,[1.25 1.75],[1 0],0.53,0.8,0.33
30,[1.75 1.25],[1 0],0.68,0.74,0.34
30,[1.25 2.25],[3 0],0.57,0.23,0.75
30,[1.25 2.25],[1 0],0.5,0.97,0.31
30,[2.25 1.25],[1 0],0.53,0.71,0.42
31,[1.25 1.25],[3 0],0.99,0.23,0.78
31,[1.25 1.75],[2 0],0.65,0.25,0.25
31,[1.25 1.75],[1 0],0.31,0.66,0.27
31,[1.75 1.25],[1 0],0.32,0.82,0.21
31,[1.25 2.25],[3 0],0.76,0.16,0.79
31,[2.25 1.25],[1 0],0.26,0.87,0.33
31,[2.25 1.75],[2 0],0.49,0.62,0.34
31,[1.75 1.75],[2 0],0.7,0.66,0.41
31,[1.75 2.25],[3 0],0.94,0.15,0.66
31,[2.25 1.25],[3 0],0.87,0.1,0.81
31,[1.75 2.25],[1 0],0.37,0.89,0.37
31,[1.25 1.75],[3 0],0.85,0.08,0.76
31,[1.75 2.25],[2 0],0.68,0.48,0.47
31,[1.25 1.25],[2 0],0.5,0.7,0.33
31,[1.25 2.25],[2 0],0.7,0.3,0.35
31,[1.75 1.25],[2 0],0.56,0.57,0.46
31,[2.25 2.25],[3 0],0.95,0.12,0.65
31,[2.25 1.75],[3 0],0.96,0.11,0.4
31,[2.25 2.25],[2 0],0.5,0.32,0.26
31,[1.75 1.75],[1 0],0.33,0.74,0.13
31,[2.25 2.25],[1 0],0.29,0.9,0.14
31,[1.25 2.25],[1 0],0.35,0.86,0.17
31,[1.25 1.25],[1 0],0.37,0.93,0.27
31,[2.25 1.25],[2 0],0.67,0.79,0.57
31,[1.75 1.25],[3 0],0.94,0.16,0.69
31,[2.25 1.75],[1 0],0.23,0.83,0.29
31,[1.75 1.75],[3 0],0.92,0.16,0.53
32,[1.75 1.25],[3 0],1,0.06,0.99
32,[1.25 1.75],[1 0],1,0.58,0.17
32,[1.75 1.75],[1 0],0.44,0.6,0.21
32,[1.25 1.75],[3 0],0.98,0.02,0.98
32,[2.25 2.25],[2 0],0.66,0.19,0.67
32,[1.75 1.25],[2 0],0.67,0.35,0.67
32,[1.75 1.25],[1 0],0.18,0.67,0.14
32,[1.75 1.75],[2 0],0.62,0.18,0.72
32,[2.25 1.75],[3 0],0.98,0.04,1
32,[1.75 1.75],[3 0],0.89,0.08,0.96
32,[1.25 2.25],[2 0],0.57,0.34,0.27
32,[2.25 1.75],[2 0],0.28,0.33,0.63
32,[1.25 2.25],[3 0],0.87,0.04,0.99
32,[1.25 1.25],[1 0],0.52,0.73,0.22
32,[1.25 1.25],[3 0],0.86,0.14,0.99
32,[1.75 2.25],[3 0],0.87,0.07,1
32,[2.25 1.25],[2 0],0.64,0.36,0.73
32,[2.25 1.75],[1 0],0.44,0.76,0.39
32,[2.25 1.25],[3 0],0.66,0.26,1
32,[2.25 2.25],[1 0],0.4,0.5,0.26
32,[2.25 2.25],[3 0],0.66,0.69,0.99
32,[2.25 1.25],[1 0],0.46,0.81,0.48
32,[1.25 2.25],[1 0],0.43,0.67,0.45
32,[1.25 1.75],[2 0],0.72,0.4,0.58
32,[1.75 2.25],[1 0],0.46,0.56,0.44
32,[1.25 1.25],[2 0],0.69,0.42,0.5
32,[1.75 2.25],[2 0],0.52,0.53,0.65
33,[2.25 1.25],[1 0],0.67,0.41,0.91
33,[1.25 1.25],[1 0],0.57,0.61,0.46
33,[1.75 2.25],[2 0],0.76,0.41,0.51
33,[1.75 1.25],[2 0],0.72,0.38,0.53
33,[1.75 2.25],[1 0],0.57,0.67,0.43
33,[1.75 1.75],[1 0],0.55,0.68,0.71
33,[1.25 1.25],[3 0],0.86,0.32,0.96
33,[1.25 1.75],[3 0],0.88,0.23,0.73
33,[2.25 1.25],[3 0],0.91,0.1,0.96
33,[1.75 1.25],[1 0],0.64,0.8,0.86
33,[1.25 2.25],[1 0],0.55,0.87,0.45
33,[2.25 1.25],[2 0],0.94,0.4,0.68
33,[1.25 1.75],[2 0],0.73,0.34,0.4
33,[2.25 2.25],[2 0],0.73,0.42,0.55
33,[2.25 1.75],[1 0],0.8,0.17,0.9
33,[2.25 1.75],[2 0],0.93,0.14,0.86
33,[1.75 1.75],[2 0],0.81,0.15,0.54
33,[1.25 1.25],[2 0],0.73,0.26,0.27
33,[1.25 2.25],[2 0],0.79,0.43,0.12
33,[2.25 1.75],[3 0],0.95,0.06,0.9
33,[1.75 1.75],[3 0],0.92,0.1,0.74
33,[2.25 2.25],[3 0],0.96,0.08,0.76
33,[1.75 1.25],[3 0],0.89,0.09,0.72
33,[1.75 2.25],[3 0],0.83,0.49,0.9
33,[1.25 1.75],[1 0],0.73,0.57,0.55
33,[1.25 2.25],[3 0],0.8,0.34,0.57
33,[2.25 2.25],[1 0],0.76,0.47,0.39
34,[1.25 2.25],[1 0],0.69,0.17,0.49
34,[1.75 1.75],[1 0],0.71,0.33,0.56
34,[1.25 1.75],[3 0],0.81,0.25,0.83
34,[2.25 1.75],[2 0],0.33,0.85,0.8
34,[1.25 2.25],[3 0],0.67,0.05,0.73
34,[2.25 2.25],[2 0],0.64,0.5,0.72
34,[1.75 1.25],[2 0],0.67,0.05,0.7
34,[1.75 2.25],[1 0],0.64,0.88,0.55
34,[1.75 1.75],[3 0],0.81,0.42,0.92
34,[2.25 1.25],[3 0],0.94,0.03,1
34,[1.25 2.25],[2 0],0.66,0.46,0.7
34,[1.25 1.75],[2 0],0.46,0.77,0.49
34,[2.25 1.25],[1 0],0.73,0.1,0.7
34,[1.75 1.25],[3 0],0.59,0.37,0.69
34,[1.75 1.25],[1 0],0.76,0.22,0.53
34,[1.25 1.75],[1 0],0.67,0.34,0.5
34,[1.75 2.25],[2 0],0.41,0.76,0.77
34,[1.25 1.25],[3 0],0.74,0.31,0.73
34,[2.25 2.25],[1 0],0.47,0.67,0.56
34,[2.25 1.25],[2 0],0.88,0.1,0.78
34,[1.25 1.25],[1 0],0.3,0.97,0.49
34,[2.25 2.25],[3 0],0.61,0.36,1
34,[1.75 1.75],[2 0],0.87,0.24,0.76
34,[1.25 1.25],[2 0],0.43,0.86,0.71
34,[2.25 1.75],[1 0],0.78,0.08,0.62
34,[2.25 1.75],[3 0],0.33,0.64,1
34,[1.75 2.25],[3 0],0.68,0.43,0.7
35,[1.75 1.25],[3 0],0.97,0.07,0.65
35,[2.25 1.75],[3 0],0.97,0.07,0.8
35,[2.25 2.25],[1 0],0.55,0.67,0.23
35,[1.25 1.75],[2 0],0.72,0.51,0.35
35,[1.25 1.25],[3 0],0.94,0.08,0.69
35,[2.25 1.75],[2 0],0.68,0.48,0.53
35,[2.25 2.25],[2 0],0.59,0.5,0.28
35,[1.25 1.25],[2 0],0.57,0.52,0.35
35,[1.25 2.25],[1 0],0.21,0.78,0.12
35,[1.75 2.25],[3 0],0.78,0.12,0.61
35,[2.25 2.25],[3 0],0.9,0.06,0.66
35,[1.75 1.25],[2 0],0.75,0.2,0.4
35,[1.25 1.25],[1 0],0.51,0.62,0.17
35,[1.25 2.25],[3 0],0.88,0.01,0.53
35,[2.25 1.25],[1 0],0.55,0.71,0.13
35,[1.75 2.25],[1 0],0.63,0.66,0.09
35,[1.75 1.75],[3 0],0.8,0.11,0.84
35,[1.75 1.25],[1 0],0.5,0.57,0.09
35,[1.75 1.75],[2 0],0.63,0.66,0.49
35,[2.25 1.25],[3 0],0.84,0.18,0.67
35,[1.25 1.75],[3 0],0.82,0.18,0.86
35,[2.25 1.25],[2 0],0.68,0.33,0.46
35,[1.25 1.75],[1 0],0.65,0.66,0.13
35,[1.75 2.25],[2 0],0.56,0.3,0.45
35,[1.25 2.25],[2 0],0.64,0.3,0.39
35,[2.25 1.75],[1 0],0.89,0.15,0.14
35,[1.75 1.75],[1 0],0.61,0.44,0.16
36,[1.25 2.25],[2 0],0.3,0.98,0.66
36,[1.75 1.25],[1 0],0.98,0.99,0.23
36,[2.25 1.75],[1 0],0.99,0.8,0.28
36,[1.25 1.75],[3 0],0.68,0.12,1
36,[1.25 1.75],[2 0],0.3,0.58,0.7
36,[1.25 1.25],[3 0],0.87,0.15,1
36,[2.25 2.25],[3 0],0.56,0.17,1
36,[2.25 1.75],[2 0],0.86,0.34,0.55
36,[1.75 1.75],[2 0],0.6,0.37,0.69
36,[1.75 1.75],[3 0],0.79,0.18,1
36,[1.25 1.25],[1 0],0.08,0.7,0.24
36,[1.75 2.25],[2 0],0.19,0.4,0.74
36,[1.25 2.25],[3 0],0.69,0.01,0.99
36,[1.75 2.25],[1 0],0.41,0.99,0.31
36,[1.25 1.75],[1 0],0.08,0.94,0.24
36,[2.25 2.25],[1 0],0.01,0.85,0.26
36,[1.75 1.75],[1 0],0.05,0.85,0.25
36,[2.25 1.25],[1 0],0.83,0.9,0.23
36,[2.25 2.25],[2 0],0.63,0.46,0.58
36,[1.75 2.25],[3 0],0.59,0.08,1
36,[2.25 1.25],[3 0],0.99,0,1
36,[1.25 1.25],[2 0],0.74,0.44,0.66
36,[2.25 1.75],[3 0],0.93,0.15,1
36,[1.75 1.25],[3 0],0.68,0.19,1
36,[2.25 1.25],[2 0],0.91,0.3,0.55
36,[1.75 1.25],[2 0],0.74,0.25,0.52
36,[1.25 2.25],[1 0],0.14,0.93,0.28
37,[2.25 2.25],[1 0],0.6,0.66,0.99
37,[1.75 1.75],[2 0],0.82,0.07,0.87
37,[2.25 1.75],[2 0],0.93,0.32,0.97
37,[1.75 1.25],[3 0],0.88,0,0.98
37,[2.25 1.75],[3 0],0.98,0.02,0.99
37,[2.25 2.25],[2 0],0.75,0.34,0.88
37,[1.25 1.75],[3 0],0.75,0.3,0.99
37,[1.75 1.25],[2 0],0.66,0.19,0.95
37,[1.25 1.25],[3 0],0.81,0.03,0.99
37,[1.25 1.25],[1 0],0.47,0.7,0.7
37,[1.25 2.25],[2 0],0.45,0.35,0.98
37,[2.25 2.25],[3 0],0.81,0,0.99
37,[1.75 2.25],[3 0],0.94,0.07,0.98
37,[1.25 2.25],[3 0],0.93,0.07,0.99
37,[1.75 1.75],[3 0],0.81,0.28,0.99
37,[2.25 1.25],[3 0],0.88,0.05,0.99
37,[1.25 1.25],[2 0],0.61,0.36,0.85
37,[1.75 2.25],[1 0],0.5,0.61,0.5
37,[1.25 1.75],[1 0],0.48,0.6,0.77
37,[2.25 1.25],[2 0],0.73,0.35,0.97
37,[1.75 1.25],[1 0],0.55,0.79,0.84
37,[1.75 2.25],[2 0],0.5,0.51,0.89
37,[2.25 1.75],[1 0],0.65,0.84,0.89
37,[2.25 1.25],[1 0],0.35,0.71,0.96
37,[1.25 1.75],[2 0],0.82,0.37,0.79
37,[1.75 1.75],[1 0],0.66,0.87,0.69
37,[1.25 2.25],[1 0],0.4,0.85,0.39
38,[1.75 1.75],[3 0],0.88,0.5,1
38,[1.75 1.25],[3 0],0.86,0.58,0.98
38,[2.25 1.75],[2 0],0.57,0.49,0.52
38,[1.75 1.25],[1 0],0.09,0.24,0.18
38,[2.25 1.25],[1 0],0.15,0.17,0.26
38,[2.25 1.75],[3 0],0.62,0.49,0.98
38,[2.25 1.25],[3 0],0.66,0.3,0.98
38,[1.25 1.75],[1 0],0.14,0.49,0.19
38,[1.75 2.25],[3 0],0.64,0.4,0.98
38,[1.75 1.75],[2 0],0.49,0.35,0.51
38,[2.25 2.25],[1 0],0.61,0.47,0.3
38,[2.25 1.25],[2 0],0.46,0.39,0.55
38,[1.75 2.25],[2 0],0.56,0.53,0.55
38,[1.25 2.25],[1 0],0.24,0.27,0.3
38,[1.25 2.25],[2 0],0.29,0.31,0.52
38,[1.25 1.25],[3 0],0.74,0.4,0.99
38,[1.25 1.25],[1 0],0.46,0.27,0.19
38,[1.25 1.25],[2 0],0.45,0.47,0.52
38,[1.25 2.25],[3 0],0.62,0.44,0.98
38,[2.25 1.75],[1 0],0.38,0.34,0.12
38,[2.25 2.25],[3 0],0.58,0.33,0.99
38,[1.75 2.25],[1 0],0.31,0.32,0.26
38,[1.75 1.75],[1 0],0.31,0.23,0.2
38,[2.25 2.25],[2 0],0.51,0.46,0.53
38,[1.25 1.75],[3 0],0.73,0.3,0.98
38,[1.75 1.25],[2 0],0.62,0.39,0.53
38,[1.25 1.75],[2 0],0.49,0.42,0.56
39,[2.25 1.75],[3 0],0.99,0.98,0.91
39,[2.25 1.75],[2 0],0.86,0.83,0.84
39,[1.25 1.75],[2 0],0.65,0.56,0.5
39,[1.25 1.75],[3 0],0.68,0.4,0.85
39,[1.75 2.25],[3 0],0.61,0.4,0.69
39,[1.75 1.75],[2 0],0.48,0.66,0.51
39,[1.25 2.25],[2 0],0.49,0.58,0.46
39,[1.75 1.25],[2 0],0.62,0.8,0.5
39,[1.25 1.25],[3 0],0.92,0.35,0.77
39,[1.75 1.25],[3 0],0.64,0.42,0.85
39,[2.25 1.25],[2 0],0.94,0.45,0.88
39,[1.75 1.75],[1 0],0.68,0.93,0.21
39,[1.75 1.25],[1 0],0.5,0.84,0.2
39,[2.25 1.75],[1 0],0.9,0.91,0.05
39,[1.75 2.25],[1 0],0.72,0.9,0.29
39,[1.25 1.25],[1 0],0.56,0.94,0.44
39,[2.25 1.25],[1 0],0.99,0.92,0.29
39,[1.75 2.25],[2 0],0.63,0.55,0.51
39,[1.25 1.25],[2 0],0.49,0.46,0.49
39,[2.25 2.25],[1 0],0.6,0.91,0.07
39,[1.75 1.75],[3 0],0.7,0.13,0.79
39,[1.25 1.75],[1 0],0.47,0.88,0.08
39,[2.25 2.25],[2 0],0.58,0.54,0.45
39,[2.25 1.25],[3 0],0.76,0.12,0.91
39,[1.25 2.25],[3 0],0.48,0.1,0.79
39,[1.25 2.25],[1 0],0.5,0.77,0.23
39,[2.25 2.25],[3 0],0.92,0.2,0.85
