workerid,natural_cost,enforcer_action,reward_0,cooperation,reward_1
0,[1.25 2.25],[1 0],0.64,0.14,0.75
0,[1.75 1.75],[2 0],0.73,0.05,1
0,[1.75 1.75],[1 0],0.93,0.07,0.75
0,[1.75 1.25],[3 0],1,0,1
0,[2.25 2.25],[1 0],0.99,0.65,0.59
0,[1.25 1.25],[3 0],1,0.1,0.77
0,[1.25 1.75],[1 0],0.53,0.74,0.92
0,[2.25 1.25],[1 0],0.6,0.77,0.83
0,[2.25 1.75],[2 0],0.63,0.35,0.61
0,[1.75 1.25],[2 0],0.66,0.31,0.68
0,[1.75 2.25],[1 0],0.39,0.25,0.9
0,[1.25 1.75],[3 0],1,0,0.85
0,[1.75 2.25],[2 0],0.72,0.21,0.7
0,[1.25 2.25],[3 0],1,0,0.89
0,[1.75 2.25],[3 0],1,0,0.98
0,[1.25 1.25],[1 0],0.53,0.27,0.76
0,[2.25 1.75],[3 0],0.95,0.06,0.94
0,[1.25 1.75],[2 0],0.66,0.1,0.69
0,[2.25 1.75],[1 0],0.5,0.62,0.22
0,[2.25 1.25],[2 0],0.49,0.67,0.65
0,[2.25 1.25],[3 0],1,0.17,0.13
0,[2.25 2.25],[3 0],0.78,0.18,0.81
0,[1.75 1.75],[3 0],0.63,0.19,0.88
0,[1.25 1.25],[2 0],0.8,0.56,0.82
0,[1.25 2.25],[2 0],0.82,0.02,0.67
0,[2.25 2.25],[2 0],0.49,0.27,0.76
0,[1.75 1.25],[1 0],0.58,0.46,0.52
1,[1.25 1.25],[2 0],1,0.16,0.74
1,[1.75 2.25],[3 0],1,0,1
1,[2.25 1.75],[2 0],0.61,0.18,0.4
1,[2.25 1.75],[3 0],1,0,1
1,[1.75 1.75],[1 0],0.33,0.28,0.33
1,[2.25 2.25],[1 0],0.48,0.43,0.32
1,[1.75 1.75],[3 0],1,0,1
1,[1.25 1.75],[3 0],1,0,1
1,[1.75 2.25],[2 0],0.69,0.18,0.64
1,[1.25 1.75],[2 0],0.71,0.32,0.59
1,[1.25 2.25],[3 0],1,0,1
1,[2.25 2.25],[2 0],0.61,0.3,0.35
1,[1.25 1.75],[1 0],0.33,0.73,0.25
1,[1.75 2.25],[1 0],0.23,0.77,0.35
1,[1.75 1.25],[3 0],1,0,1
1,[1.25 2.25],[1 0],0.23,0.76,0.32
1,[1.75 1.25],[1 0],0.23,0.83,0.23
1,[2.25 1.75],[1 0],0.38,0.66,0.24
1,[1.25 2.25],[2 0],0.67,0.28,0.53
1,[1.25 1.25],[1 0],0.19,0.76,0.18
1,[1.25 1.25],[3 0],1,0,1
1,[2.25 1.25],[2 0],1,0,0.74
1,[2.25 1.25],[3 0],1,0,1
1,[2.25 1.25],[1 0],0.5,0.42,0.2
1,[2.25 2.25],[3 0],1,0,1
1,[1.75 1.75],[2 0],0.7,0.28,0.47
1,[1.75 1.25],[2 0],0.73,0.27,0.53
2,[1.75 1.75],[1 0],0.26,0.77,0.53
2,[2.25 1.25],[1 0],0.26,0.57,0.66
2,[1.25 2.25],[2 0],0.62,0.32,0.4
2,[1.25 1.75],[1 0],0.26,0.68,0.2
2,[1.75 1.75],[3 0],1,0,0.78
2,[1.75 2.25],[3 0],1,0.03,0.71
2,[1.75 1.25],[1 0],0.22,0.76,0.56
2,[2.25 1.75],[2 0],0.53,0.46,0.8
2,[2.25 1.25],[2 0],0.62,0.49,0.85
2,[1.75 2.25],[1 0],0.2,0.76,0.35
2,[1.75 1.25],[2 0],0.54,0.47,0.68
2,[1.75 2.25],[2 0],0.61,0.49,0.48
2,[1.75 1.75],[2 0],0.57,0.47,0.57
2,[2.25 2.25],[2 0],0.61,0.48,0.64
2,[1.25 2.25],[3 0],1,0,0.72
2,[1.25 1.25],[3 0],0.98,0.01,0.51
2,[2.25 1.75],[1 0],0.19,0.89,0.62
2,[2.25 2.25],[1 0],0.18,0.79,0.54
2,[1.25 1.25],[1 0],0.19,0.81,0.42
2,[1.25 1.25],[2 0],0.55,0.5,0.65
2,[2.25 2.25],[3 0],0.97,0,0.91
2,[1.25 2.25],[1 0],0.2,0.8,0.4
2,[2.25 1.75],[3 0],1,0,0.98
2,[1.75 1.25],[3 0],1,0,0.91
2,[1.25 1.75],[2 0],0.51,0.41,0.67
2,[2.25 1.25],[3 0],1,0,0.9
2,[1.25 1.75],[3 0],1,0,0.65
3,[2.25 1.75],[3 0],1,0.05,0.84
3,[1.75 1.75],[1 0],0.64,0.65,0.32
3,[2.25 1.25],[2 0],0.8,0.37,0.48
3,[1.75 2.25],[1 0],0.54,0.48,0.41
3,[2.25 2.25],[2 0],0.77,0.26,0.51
3,[1.25 2.25],[2 0],0.73,0.27,0.51
3,[2.25 2.25],[3 0],0.77,0.06,0.75
3,[1.75 1.25],[2 0],0.78,0.35,0.58
3,[2.25 1.75],[2 0],0.81,0.3,0.5
3,[2.25 2.25],[1 0],0.69,0.68,0.35
3,[1.25 1.25],[1 0],0.64,0.62,0.14
3,[1.75 2.25],[2 0],0.91,0.32,0.66
3,[1.25 2.25],[3 0],1,0.06,0.8
3,[2.25 1.25],[3 0],1,0.07,0.89
3,[1.25 1.25],[2 0],0.72,0.35,0.64
3,[1.75 1.75],[3 0],0.89,0.08,0.88
3,[1.25 1.75],[2 0],0.88,0.3,0.5
3,[1.25 1.75],[3 0],0.69,0.08,0.72
3,[2.25 1.75],[1 0],0.75,0.57,0.46
3,[1.75 1.25],[1 0],0.67,0.6,0.29
3,[2.25 1.25],[1 0],0.88,0.61,0.27
3,[1.75 2.25],[3 0],0.79,0.07,0.91
3,[1.25 2.25],[1 0],0.87,0.59,0.22
3,[1.75 1.75],[2 0],0.71,0.28,0.41
3,[1.25 1.25],[3 0],0.77,0.04,0.96
3,[1.25 1.75],[1 0],0.71,0.6,0.3
3,[1.75 1.25],[3 0],0.87,0.08,0.82
4,[1.25 1.75],[1 0],0.79,0.21,0.12
4,[1.25 1.75],[3 0],0.97,0.06,0.84
4,[2.25 1.25],[1 0],0.67,0.44,0.4
4,[2.25 1.75],[3 0],0.87,0.12,0.91
4,[2.25 1.25],[2 0],0.77,0.21,0.66
4,[1.75 1.75],[1 0],0.74,0.28,0.26
4,[2.25 1.25],[3 0],0.89,0.08,0.88
4,[1.75 1.25],[3 0],0.92,0.1,0.76
4,[2.25 1.75],[1 0],0.6,0.36,0.25
4,[1.75 2.25],[2 0],0.72,0.18,0.52
4,[1.75 1.75],[2 0],0.71,0.14,0.62
4,[1.75 1.25],[2 0],0.74,0.13,0.67
4,[1.25 1.25],[2 0],0.75,0.14,0.7
4,[1.25 2.25],[1 0],0.59,0.41,0.5
4,[1.25 2.25],[3 0],0.78,0.05,0.82
4,[2.25 2.25],[1 0],0.63,0.29,0.07
4,[1.75 2.25],[3 0],0.75,0.06,0.84
4,[1.25 1.75],[2 0],0.71,0.09,0.57
4,[1.25 1.25],[3 0],0.76,0.02,0.83
4,[2.25 2.25],[3 0],0.92,0.06,0.77
4,[2.25 2.25],[2 0],0.9,0.12,0.56
4,[2.25 1.75],[2 0],0.83,0.12,0.66
4,[1.75 2.25],[1 0],0.59,0.47,0.25
4,[1.75 1.75],[3 0],0.89,0.07,0.6
4,[1.25 1.25],[1 0],0.7,0.4,0.2
4,[1.75 1.25],[1 0],0.65,0.41,0.31
4,[1.25 2.25],[2 0],0.77,0.09,0.69
5,[2.25 1.75],[2 0],0.77,0.16,0.65
5,[1.25 2.25],[3 0],1,0,0.74
5,[1.75 1.75],[3 0],1,0,0.92
5,[1.25 1.25],[3 0],1,0,0.9
5,[2.25 1.75],[1 0],0.37,0.63,0.09
5,[2.25 1.75],[3 0],1,0,0.68
5,[1.25 2.25],[1 0],0.37,0.77,0.28
5,[2.25 2.25],[3 0],0.99,0,0.98
5,[1.75 1.75],[1 0],0.47,0.71,0.26
5,[2.25 2.25],[1 0],0.47,0.71,0.21
5,[1.25 1.75],[2 0],0.7,0.23,0.53
5,[1.75 2.25],[1 0],0.49,0.66,0.3
5,[1.25 1.75],[1 0],0.47,0.66,0.31
5,[1.75 1.25],[1 0],0.48,0.66,0.2
5,[1.25 1.25],[1 0],0.49,0.7,0.27
5,[1.75 1.25],[2 0],0.7,0.3,0.54
5,[1.75 1.25],[3 0],0.99,0,0.98
5,[2.25 1.25],[1 0],0.47,0.68,0.23
5,[1.25 2.25],[2 0],0.71,0.23,0.64
5,[1.75 2.25],[3 0],1,0,0.89
5,[2.25 1.25],[2 0],0.69,0.23,0.65
5,[2.25 1.25],[3 0],1,0,0.98
5,[1.75 1.75],[2 0],0.73,0.2,0.64
5,[1.25 1.75],[3 0],1,0,0.94
5,[1.25 1.25],[2 0],0.76,0.21,0.49
5,[1.75 2.25],[2 0],0.83,0.2,0.52
5,[2.25 2.25],[2 0],0.79,0.16,0.6
6,[2.25 2.25],[1 0],0.79,0.78,0.64
6,[1.25 1.75],[1 0],0.7,0.75,0.29
6,[2.25 1.75],[1 0],0.71,0.82,0.82
6,[1.25 2.25],[2 0],0.8,0.32,0.52
6,[1.75 2.25],[1 0],0.76,0.8,0.4
6,[1.25 1.75],[2 0],0.77,0.31,0.67
6,[2.25 1.75],[2 0],0.8,0.16,0.81
6,[1.75 1.25],[3 0],0.88,0.05,1
6,[1.25 1.25],[2 0],0.83,0.25,0.85
6,[1.75 2.25],[3 0],0.82,0,0.94
6,[1.25 1.25],[3 0],0.9,0.01,0.96
6,[1.75 2.25],[2 0],0.8,0.27,0.68
6,[1.75 1.75],[1 0],0.73,0.63,0.61
6,[1.75 1.25],[1 0],0.65,0.7,0.73
6,[2.25 1.75],[3 0],0.83,0,1
6,[1.25 2.25],[1 0],0.73,0.86,0.14
6,[1.75 1.25],[2 0],0.77,0.43,0.78
6,[1.75 1.75],[3 0],0.77,0.03,1
6,[2.25 2.25],[3 0],0.73,0,1
6,[2.25 2.25],[2 0],0.72,0.35,0.95
6,[1.75 1.75],[2 0],0.77,0.18,0.88
6,[2.25 1.25],[3 0],0.91,0,1
6,[1.25 2.25],[3 0],0.78,0,0.47
6,[2.25 1.25],[2 0],0.69,0.25,0.99
6,[2.25 1.25],[1 0],0.67,0.74,0.96
6,[1.25 1.75],[3 0],0.81,0.02,0.95
6,[1.25 1.25],[1 0],0.7,0.65,0.59
7,[1.75 1.75],[2 0],0.78,0.49,0.35
7,[1.25 1.75],[3 0],0.97,0.48,0.62
7,[2.25 2.25],[1 0],0.18,0.66,0.19
7,[1.25 1.75],[2 0],0.69,0.5,0.55
7,[1.75 2.25],[2 0],0.51,0.54,0.47
7,[1.25 1.25],[2 0],0.49,0.47,0.47
7,[1.25 1.75],[1 0],0.29,0.67,0.19
7,[2.25 1.75],[1 0],0.24,0.55,0.31
7,[1.75 1.25],[3 0],1,0.68,0.82
7,[1.25 1.25],[1 0],0.23,0.57,0.23
7,[2.25 1.25],[1 0],0.2,0.58,0.25
7,[2.25 1.25],[2 0],0.56,0.41,0.48
7,[2.25 1.75],[2 0],0.49,0.53,0.62
7,[1.75 1.75],[1 0],0.19,0.58,0.18
7,[1.75 2.25],[3 0],1,0.24,0.58
7,[1.75 1.25],[2 0],0.38,0.46,0.58
7,[1.25 2.25],[1 0],0.13,0.76,0.21
7,[2.25 2.25],[3 0],1,0.24,0.98
7,[1.75 1.25],[1 0],0.17,0.76,0.25
7,[1.75 1.75],[3 0],1,0.25,0.87
7,[1.25 2.25],[2 0],0.27,0.68,0.44
7,[2.25 1.25],[3 0],0.89,0.18,0.96
7,[2.25 1.75],[3 0],1,0.21,0.98
7,[1.25 1.25],[3 0],1,0.2,0.52
7,[1.75 2.25],[1 0],0.13,0.75,0.13
7,[1.25 2.25],[3 0],1,0.26,0.96
7,[2.25 2.25],[2 0],0.51,0.55,0.43
8,[2.25 1.75],[3 0],1,0,0
8,[1.25 1.75],[3 0],1,0,0.05
8,[2.25 1.25],[1 0],1,0.14,0.1
8,[2.25 1.25],[3 0],1,0.06,0
8,[1.75 1.75],[3 0],1,0.03,0
8,[1.25 1.75],[2 0],0.64,0.45,0.08
8,[1.75 1.75],[2 0],0.43,0.24,0.04
8,[1.25 1.25],[3 0],1,0.03,0
8,[1.25 1.25],[2 0],0.83,0.15,0.07
8,[1.75 1.25],[2 0],0.67,0.18,0
8,[2.25 1.25],[2 0],0.73,0.23,0.07
8,[1.75 2.25],[3 0],1,0,0
8,[1.75 1.75],[1 0],0.75,0.65,0.17
8,[1.25 1.25],[1 0],0.86,0.43,0.13
8,[2.25 2.25],[3 0],1,0,0
8,[2.25 2.25],[2 0],1,0,0
8,[1.25 1.75],[1 0],0.55,0.27,0.2
8,[1.25 2.25],[1 0],0.63,0.12,0.1
8,[2.25 1.75],[1 0],0.48,0.45,0.02
8,[1.75 2.25],[1 0],0.76,0.37,0.12
8,[1.75 1.25],[3 0],0.51,0.47,0
8,[2.25 2.25],[1 0],0.64,0.56,0.1
8,[1.25 2.25],[2 0],0.73,0.3,0
8,[1.75 1.25],[1 0],0.71,0.41,0.15
8,[2.25 1.75],[2 0],0.77,0.12,0
8,[1.75 2.25],[2 0],0.72,0.49,0
8,[1.25 2.25],[3 0],1,0,0
9,[1.25 1.25],[1 0],0.6,0.76,0.25
9,[1.75 2.25],[1 0],0.63,0.77,0.2
9,[1.75 1.25],[1 0],0.9,0.41,0.12
9,[1.25 1.75],[3 0],0.96,0.16,0.88
9,[2.25 1.25],[2 0],0.69,0.42,0.55
9,[1.75 1.25],[2 0],0.62,0.47,0.53
9,[1.75 1.75],[2 0],0.82,0.48,0.58
9,[1.25 2.25],[3 0],1,0.34,0.84
9,[1.25 2.25],[2 0],0.71,0.48,0.45
9,[1.25 1.25],[3 0],1,0.45,0.93
9,[1.25 1.25],[2 0],0.75,0.55,0.56
9,[1.75 1.25],[3 0],1,0.41,0.79
9,[1.75 1.75],[1 0],0.34,0.74,0.26
9,[1.25 1.75],[1 0],0.38,0.69,0.24
9,[2.25 1.25],[1 0],0.36,0.52,0.26
9,[2.25 1.25],[3 0],1,0.18,0.86
9,[1.25 1.75],[2 0],0.57,0.37,0.63
9,[2.25 1.75],[3 0],0.94,0.42,0.78
9,[1.75 2.25],[3 0],1,0.38,0.84
9,[2.25 2.25],[3 0],0.99,0.37,0.78
9,[2.25 2.25],[1 0],0.26,0.84,0.13
9,[2.25 2.25],[2 0],0.57,0.4,0.44
9,[2.25 1.75],[1 0],0.27,0.55,0.37
9,[2.25 1.75],[2 0],0.61,0.41,0.53
9,[1.75 1.75],[3 0],1,0.33,0.84
9,[1.75 2.25],[2 0],0.45,0.3,0.5
9,[1.25 2.25],[1 0],0.22,0.8,0.25
10,[1.25 1.25],[2 0],0.88,0.18,0.45
10,[1.25 1.75],[1 0],0.64,0.76,0.1
10,[1.75 1.75],[2 0],0.85,0.26,0.57
10,[2.25 1.75],[1 0],0.7,0.61,0.15
10,[1.25 1.75],[3 0],0.94,0.14,0.68
10,[2.25 2.25],[1 0],0.69,0.48,0.18
10,[2.25 2.25],[2 0],0.81,0.26,0.6
10,[1.75 1.75],[1 0],0.68,0.6,0.08
10,[1.25 1.75],[2 0],0.68,0.37,0.43
10,[2.25 1.25],[2 0],0.86,0.16,0.6
10,[1.75 1.25],[2 0],0.8,0.27,0.35
10,[2.25 1.75],[2 0],0.79,0.53,0.07
10,[1.75 1.75],[3 0],0.88,0.17,0.82
10,[1.25 1.25],[3 0],0.89,0.17,0.72
10,[1.25 2.25],[1 0],0.67,0.66,0.05
10,[2.25 1.25],[1 0],0.76,0.6,0.19
10,[1.25 2.25],[2 0],0.78,0.35,0.52
10,[1.25 1.25],[1 0],0.64,0.61,0.14
10,[2.25 1.75],[3 0],0.91,0.17,0.69
10,[1.75 1.25],[1 0],0.45,0.71,0.09
10,[1.75 2.25],[1 0],0.57,0.71,0.12
10,[1.25 2.25],[3 0],0.87,0.14,0.89
10,[2.25 1.25],[3 0],0.92,0.13,0.89
10,[1.75 2.25],[3 0],0.91,0.37,0.66
10,[2.25 2.25],[3 0],0.91,0.21,0.78
10,[1.75 2.25],[2 0],0.71,0.33,0.59
10,[1.75 1.25],[3 0],0.89,0.16,0.07
11,[1.25 1.75],[1 0],0.57,0.42,0.42
11,[1.75 1.75],[2 0],0.89,0.09,0.93
11,[1.75 2.25],[3 0],0.96,0.08,0.98
11,[1.25 1.25],[3 0],0.95,0.46,0.99
11,[1.25 1.25],[1 0],0.45,0.6,0.67
11,[1.25 1.75],[2 0],0.75,0.24,0.98
11,[1.25 2.25],[1 0],0.5,0.81,0.52
11,[2.25 2.25],[2 0],0.89,0.04,0.91
11,[1.75 1.75],[1 0],0.56,0.41,0.82
11,[1.75 1.75],[3 0],0.78,0.22,0.95
11,[1.75 2.25],[1 0],0.55,0.43,0.61
11,[1.25 2.25],[2 0],0.68,0.37,0.81
11,[1.75 1.25],[3 0],0.9,0.14,1
11,[2.25 1.75],[1 0],0.67,0.08,0.63
11,[2.25 1.25],[3 0],0.89,0.13,0.97
11,[2.25 1.75],[3 0],0.83,0.14,1
11,[2.25 2.25],[1 0],0.59,0.19,0.71
11,[1.25 1.25],[2 0],0.79,0.19,0.87
11,[2.25 1.25],[2 0],0.76,0.15,0.88
11,[2.25 1.75],[2 0],0.71,0.27,0.82
11,[1.75 1.25],[1 0],0.59,0.47,0.6
11,[1.75 2.25],[2 0],0.62,0.26,1
11,[2.25 1.25],[1 0],0.51,0.41,0.61
11,[1.25 2.25],[3 0],0.94,0.12,1
11,[1.75 1.25],[2 0],0.63,0.27,0.87
11,[2.25 2.25],[3 0],0.91,0.06,0.97
11,[1.25 1.75],[3 0],0.84,0.27,0.97
12,[1.75 1.75],[1 0],0.49,0.87,0.24
12,[1.75 1.25],[3 0],0.99,0.05,1
12,[1.25 1.25],[3 0],0.99,0.02,0.97
12,[2.25 1.25],[1 0],0.51,0.92,0.21
12,[2.25 2.25],[3 0],0.94,0.02,0.97
12,[1.75 2.25],[2 0],0.85,0.12,0.63
12,[2.25 1.25],[3 0],0.98,0.02,0.96
12,[1.25 1.75],[3 0],1,0.02,0.98
12,[2.25 1.75],[3 0],0.99,0.03,0.96
12,[1.25 2.25],[3 0],0.98,0.04,0.97
12,[2.25 1.75],[2 0],0.7,0.12,0.5
12,[1.75 1.25],[2 0],0.82,0.08,0.57
12,[1.25 1.25],[2 0],0.85,0.12,0.4
12,[2.25 2.25],[2 0],0.84,0.12,0.43
12,[1.75 2.25],[1 0],0.42,0.82,0.25
12,[2.25 1.25],[2 0],0.79,0.12,0.6
12,[1.25 2.25],[2 0],0.86,0.28,0.5
12,[2.25 1.75],[1 0],0.44,0.76,0.24
12,[1.75 1.75],[3 0],0.98,0.03,0.91
12,[1.75 2.25],[3 0],0.98,0.01,1
12,[1.75 1.25],[1 0],0.41,0.8,0.22
12,[2.25 2.25],[1 0],0.45,0.84,0.36
12,[1.75 1.75],[2 0],0.79,0.12,0.56
12,[1.25 1.25],[1 0],0.36,0.87,0.23
12,[1.25 2.25],[1 0],0.31,0.93,0.21
12,[1.25 1.75],[1 0],0.33,0.81,0.23
12,[1.25 1.75],[2 0],0.71,0.17,0.42
13,[2.25 2.25],[3 0],0.94,0.2,1
13,[1.75 2.25],[3 0],0.89,0.08,1
13,[1.25 1.75],[1 0],0.56,0.51,0.23
13,[1.25 1.75],[3 0],0.9,0.14,1
13,[2.25 2.25],[1 0],0.49,0.48,0.11
13,[2.25 1.75],[3 0],0.96,0.2,1
13,[1.75 1.25],[3 0],0.92,0.19,0.52
13,[2.25 1.25],[3 0],0.91,0.16,0.99
13,[1.25 2.25],[2 0],0.65,0.43,1
13,[1.25 2.25],[3 0],0.95,0.1,1
13,[1.75 1.25],[2 0],0.67,0.47,0.43
13,[1.25 1.25],[1 0],0.47,0.45,0.13
13,[1.25 1.75],[2 0],0.62,0.3,0.7
13,[2.25 2.25],[2 0],0.64,0.37,0.35
13,[1.75 1.25],[1 0],0.49,0.48,0.19
13,[2.25 1.75],[2 0],0.48,0.47,0.32
13,[2.25 1.75],[1 0],0.51,0.5,0.18
13,[1.25 2.25],[1 0],0.52,0.52,0.12
13,[1.75 2.25],[1 0],0.49,0.49,0.16
13,[1.25 1.25],[2 0],0.67,0.33,0.77
13,[1.75 2.25],[2 0],0.7,0.28,0.63
13,[1.75 1.75],[1 0],0.48,0.47,0.37
13,[1.75 1.75],[3 0],0.81,0.13,1
13,[1.25 1.25],[3 0],0.85,0.2,1
13,[1.75 1.75],[2 0],0.65,0.31,0.35
13,[2.25 1.25],[1 0],0.48,0.48,0.14
13,[2.25 1.25],[2 0],0.49,0.49,0.28
14,[1.75 1.75],[2 0],0.71,0.44,0.55
14,[2.25 1.25],[1 0],0.36,0.52,0.46
14,[1.25 1.25],[2 0],0.51,0.37,0.57
14,[1.25 1.25],[1 0],0.23,0.4,0.46
14,[2.25 1.25],[3 0],0.89,0.11,1
14,[2.25 1.75],[2 0],0.35,0.45,0.62
14,[1.25 1.25],[3 0],0.81,0.35,1
14,[2.25 1.75],[1 0],0.21,0.45,0.29
14,[1.75 2.25],[1 0],0.25,0.55,0.31
14,[1.75 1.75],[1 0],0.26,0.54,0.46
14,[1.25 1.75],[1 0],0.11,0.65,0.48
14,[1.25 2.25],[2 0],0.37,0.34,0.54
14,[1.25 1.75],[2 0],0.49,0.32,0.71
14,[2.25 2.25],[2 0],0.36,0.6,0.7
14,[2.25 1.75],[3 0],0.87,0.32,1
14,[1.25 2.25],[3 0],0.79,0.26,1
14,[2.25 2.25],[3 0],0.87,0.37,1
14,[1.75 2.25],[3 0],0.78,0.3,1
14,[1.25 2.25],[1 0],0.2,0.39,0.45
14,[1.75 1.25],[1 0],0.43,0.53,0.52
14,[1.75 2.25],[2 0],0.51,0.41,0.66
14,[2.25 1.25],[2 0],0.46,0.49,0.58
14,[1.25 1.75],[3 0],0.81,0.31,1
14,[2.25 2.25],[1 0],0.29,0.57,0.51
14,[1.75 1.25],[2 0],0.48,0.38,0.59
14,[1.75 1.75],[3 0],0.83,0.36,1
14,[1.75 1.25],[3 0],0.76,0.38,1
15,[2.25 1.25],[2 0],0.9,0.1,1
15,[1.75 2.25],[3 0],1,0.06,0.94
15,[2.25 1.25],[3 0],1,0.09,1
15,[1.75 1.75],[2 0],0.81,0.17,0.92
15,[1.25 2.25],[3 0],1,0.06,0.95
15,[1.25 1.25],[3 0],0.93,0.05,1
15,[1.25 1.25],[1 0],0.38,0.73,0.78
15,[1.25 1.25],[2 0],0.54,0.32,0.92
15,[2.25 1.75],[2 0],0.75,0.26,1
15,[1.75 2.25],[1 0],0.41,0.61,0.72
15,[1.75 1.75],[1 0],0.33,0.61,0.76
15,[2.25 1.75],[3 0],1,0.06,1
15,[1.25 1.75],[2 0],0.66,0.22,0.73
15,[1.75 1.75],[3 0],0.93,0.06,1
15,[1.75 1.25],[1 0],0.38,0.74,0.63
15,[1.25 2.25],[2 0],0.55,0.3,0.64
15,[2.25 2.25],[1 0],0.33,0.86,0.82
15,[2.25 2.25],[3 0],1,0.07,1
15,[1.75 1.25],[3 0],0.88,0.1,1
15,[2.25 1.75],[1 0],0.35,0.84,0.8
15,[2.25 2.25],[2 0],0.72,0.34,0.94
15,[1.75 1.25],[2 0],0.69,0.25,0.95
15,[1.25 1.75],[1 0],0.21,0.92,0.7
15,[2.25 1.25],[1 0],0.3,0.95,0.72
15,[1.25 1.75],[3 0],0.92,0.09,0.93
15,[1.25 2.25],[1 0],0.16,0.94,0.69
15,[1.75 2.25],[2 0],0.37,0.51,0.92
16,[1.75 1.25],[2 0],0.83,0.16,0.8
16,[1.25 2.25],[2 0],0.7,0.07,0.86
16,[1.25 1.75],[2 0],0.77,0.08,0.7
16,[1.75 1.25],[3 0],0.96,0.03,1
16,[1.75 1.75],[1 0],0.7,0.32,0.22
16,[1.75 2.25],[1 0],0.73,0.43,0.26
16,[1.75 2.25],[3 0],0.93,0.05,1
16,[2.25 1.25],[1 0],0.98,0.07,0.26
16,[2.25 2.25],[1 0],0.79,0.09,0.42
16,[1.25 1.25],[1 0],0.65,0.28,0.22
16,[1.75 1.75],[2 0],0.93,0.04,0.75
16,[2.25 2.25],[3 0],0.98,0.03,1
16,[2.25 1.25],[2 0],0.85,0.06,0.82
16,[2.25 2.25],[2 0],0.92,0.04,0.64
16,[1.25 1.25],[3 0],0.98,0.02,1
16,[1.25 2.25],[1 0],0.74,0.26,0.33
16,[2.25 1.75],[3 0],0.96,0.12,1
16,[2.25 1.75],[2 0],0.9,0.02,0.88
16,[1.25 1.25],[2 0],0.83,0.13,0.84
16,[1.75 2.25],[2 0],0.79,0.16,0.71
16,[2.25 1.75],[1 0],0.71,0.27,0.27
16,[1.25 1.75],[1 0],0.66,0.29,0.19
16,[1.75 1.25],[1 0],0.7,0.28,0.37
16,[2.25 1.25],[3 0],0.94,0.1,1
16,[1.25 2.25],[3 0],0.95,0.06,0.91
16,[1.25 1.75],[3 0],0.98,0.02,1
16,[1.75 1.75],[3 0],0.95,0.02,1
17,[1.75 1.75],[1 0],0.08,0.81,0.53
17,[1.25 1.75],[2 0],0.58,0.66,0.8
17,[1.75 2.25],[2 0],0.75,0.7,0.82
17,[1.25 2.25],[2 0],0.54,0.65,0.85
17,[2.25 1.75],[1 0],0.23,0.59,0.66
17,[1.75 1.25],[1 0],0.25,0.51,0.58
17,[1.75 1.75],[2 0],0.66,0.6,0.83
17,[1.75 1.25],[2 0],0.44,0.66,0.81
17,[2.25 2.25],[3 0],0.92,0.12,0.99
17,[2.25 2.25],[1 0],0.49,0.52,0.59
17,[1.75 1.75],[3 0],0.86,0.15,0.94
17,[2.25 1.25],[1 0],0.38,0.78,0.63
17,[1.25 1.25],[3 0],0.91,0.06,0.93
17,[2.25 1.25],[3 0],0.67,0.38,1
17,[1.75 2.25],[3 0],0.8,0.41,0.99
17,[2.25 1.75],[2 0],0.54,0.57,0.82
17,[1.25 1.25],[1 0],0.19,0.71,0.57
17,[1.25 1.75],[1 0],0.19,0.92,0.43
17,[2.25 2.25],[2 0],0.52,0.47,0.73
17,[1.75 2.25],[1 0],0.19,0.67,0.51
17,[1.25 2.25],[3 0],0.77,0.21,0.99
17,[1.25 1.75],[3 0],0.79,0.34,0.99
17,[1.25 2.25],[1 0],0.13,0.37,0.54
17,[1.25 1.25],[2 0],0.56,0.46,0.8
17,[2.25 1.75],[3 0],0.8,0.12,0.99
17,[2.25 1.25],[2 0],0.56,0.35,0.89
17,[1.75 1.25],[3 0],0.84,0.2,0.95
18,[1.25 1.25],[1 0],1,0.46,0.11
18,[1.25 1.25],[2 0],1,0.32,0.77
18,[2.25 1.75],[3 0],1,0,1
18,[1.25 1.75],[2 0],1,0.39,0.69
18,[1.25 2.25],[1 0],0.82,0.53,0.27
18,[1.25 1.75],[1 0],0.77,0.63,0.39
18,[2.25 2.25],[3 0],1,0,1
18,[2.25 2.25],[1 0],0.72,0.69,0.29
18,[1.25 1.75],[3 0],1,0,1
18,[2.25 1.75],[1 0],0.69,0.6,0.27
18,[1.75 1.25],[3 0],1,0,0.98
18,[1.25 2.25],[2 0],0.67,0.41,0.71
18,[1.25 2.25],[3 0],1,0,1
18,[2.25 2.25],[2 0],1,0.46,0.8
18,[1.75 1.75],[1 0],0.78,0.7,0.59
18,[1.75 2.25],[3 0],1,0,1
18,[1.75 1.25],[1 0],0.69,0.61,0.26
18,[2.25 1.75],[2 0],1,0.38,0.76
18,[1.75 2.25],[2 0],1,0.39,0.7
18,[1.75 1.75],[2 0],1,0.35,0.86
18,[1.75 1.25],[2 0],1,0.41,0.73
18,[1.75 2.25],[1 0],1,0.7,0.25
18,[1.25 1.25],[3 0],1,0,1
18,[2.25 1.25],[2 0],1,0.47,0.8
18,[1.75 1.75],[3 0],1,0,1
18,[2.25 1.25],[1 0],0.9,0.58,0.28
18,[2.25 1.25],[3 0],1,0,1
19,[1.25 1.75],[1 0],0.62,0.63,0.23
19,[2.25 1.75],[2 0],0.9,0.38,0.57
19,[1.75 1.25],[1 0],0.66,0.57,0.3
19,[1.25 1.25],[2 0],0.79,0.46,0.64
19,[2.25 1.25],[2 0],0.76,0.36,0.68
19,[1.25 1.25],[3 0],1,0.07,0.95
19,[1.75 1.25],[2 0],0.74,0.38,0.52
19,[2.25 1.25],[1 0],0.64,0.57,0.34
19,[2.25 2.25],[2 0],0.72,0.5,0.46
19,[2.25 1.25],[3 0],1,0.21,0.62
19,[1.25 1.75],[2 0],0.78,0.48,0.63
19,[1.75 2.25],[1 0],0.64,0.59,0.24
19,[1.25 2.25],[2 0],0.73,0.5,0.58
19,[1.25 1.25],[1 0],0.61,0.58,0.5
19,[1.25 2.25],[1 0],0.58,0.64,0.33
19,[1.75 2.25],[2 0],0.75,0.49,0.55
19,[1.75 2.25],[3 0],1,0.19,1
19,[1.75 1.75],[1 0],0.73,0.65,0.24
19,[1.75 1.75],[2 0],0.77,0.49,0.61
19,[2.25 2.25],[3 0],0.97,0.34,0.76
19,[1.75 1.75],[3 0],0.99,0.48,0.97
19,[2.25 1.75],[1 0],0.61,0.63,0.26
19,[1.25 2.25],[3 0],0.97,0.27,0.96
19,[1.25 1.75],[3 0],0.99,0.35,0.98
19,[2.25 1.75],[3 0],0.98,0.28,0.94
19,[2.25 2.25],[1 0],0.67,0.59,0.14
19,[1.75 1.25],[3 0],0.98,0.46,0.9
20,[2.25 1.25],[3 0],0.81,0.15,0.98
20,[1.25 2.25],[1 0],0.7,0.9,0.79
20,[2.25 1.25],[1 0],0.54,0.87,0.61
20,[1.25 2.25],[3 0],0.79,0.14,0.97
20,[2.25 1.75],[2 0],0.62,0.55,0.73
20,[1.75 2.25],[2 0],0.67,0.53,0.69
20,[2.25 1.75],[3 0],0.61,0.06,0.91
20,[1.75 1.75],[1 0],0.48,0.9,0.47
20,[1.75 1.25],[3 0],0.52,0.11,0.95
20,[1.25 2.25],[2 0],0.55,0.44,0.68
20,[1.25 1.25],[1 0],0.63,0.04,0.52
20,[1.75 2.25],[3 0],0.32,0.78,0.95
20,[1.75 1.25],[2 0],0.58,0.48,0.73
20,[1.25 1.75],[2 0],0.67,0.46,0.8
20,[1.25 1.25],[3 0],0.57,0.06,0.94
20,[1.75 1.75],[2 0],0.59,0.48,0.67
20,[2.25 2.25],[1 0],0.63,0.85,0.81
20,[2.25 1.25],[2 0],0.64,0.49,0.79
20,[2.25 2.25],[3 0],0.63,0.09,0.93
20,[1.75 1.75],[3 0],0.62,0.1,0.95
20,[1.75 2.25],[1 0],0.61,0.83,0.48
20,[1.25 1.75],[3 0],0.79,0.09,0.94
20,[1.75 1.25],[1 0],0.5,0.84,0.58
20,[2.25 2.25],[2 0],0.59,0.53,0.8
20,[1.25 1.25],[2 0],0.56,0.5,0.6
20,[1.25 1.75],[1 0],0.59,0.88,0.55
20,[2.25 1.75],[1 0],0.58,0.87,0.53
21,[1.25 2.25],[1 0],0.18,0.66,0.5
21,[2.25 1.75],[3 0],0.54,0.37,1
21,[1.25 1.75],[1 0],0.22,0.75,0.4
21,[1.75 1.75],[1 0],0.57,0.52,0.6
21,[1.25 1.75],[2 0],0.84,0.27,0.61
21,[2.25 1.25],[1 0],0.5,0.49,0.71
21,[1.25 1.25],[2 0],0.87,0.09,0.74
21,[2.25 2.25],[1 0],0.51,0.51,0.55
21,[1.75 2.25],[3 0],1,0.02,0.73
21,[1.75 1.25],[3 0],0.99,0.03,0.86
21,[2.25 1.25],[2 0],0.66,0.35,0.99
21,[2.25 2.25],[3 0],0.93,0.11,0.9
21,[1.75 1.75],[3 0],0.95,0.04,1
21,[2.25 1.25],[3 0],0.91,0.15,1
21,[2.25 1.75],[2 0],0.55,0.37,0.86
21,[1.75 1.25],[2 0],0.53,0.37,0.81
21,[1.75 2.25],[1 0],0.39,0.51,0.59
21,[1.75 2.25],[2 0],0.48,0.51,0.8
21,[1.75 1.25],[1 0],0.51,0.5,0.6
21,[2.25 2.25],[2 0],0.68,0.37,0.69
21,[1.25 1.75],[3 0],1,0.05,1
21,[2.25 1.75],[1 0],0.35,0.48,0.43
21,[1.75 1.75],[2 0],0.66,0.39,0.7
21,[1.25 1.25],[1 0],0.3,0.53,0.59
21,[1.25 2.25],[3 0],0.92,0.09,0.69
21,[1.25 2.25],[2 0],0.69,0.5,0.6
21,[1.25 1.25],[3 0],1,0,1
22,[1.75 2.25],[1 0],0.3,0.31,0.09
22,[2.25 1.75],[3 0],0.21,0.5,1
22,[2.25 1.25],[3 0],0.51,0.34,0.78
22,[1.75 2.25],[3 0],0.38,0.46,0.94
22,[1.25 1.75],[2 0],0.53,0.35,0.53
22,[1.75 1.25],[3 0],0.45,0.46,0.97
22,[1.25 1.75],[1 0],0.37,0.63,0.05
22,[1.25 2.25],[2 0],0.54,0.4,0.72
22,[2.25 1.25],[1 0],0.19,0.14,0.84
22,[2.25 2.25],[3 0],0.4,0.15,0.52
22,[1.75 1.75],[1 0],0.25,0.42,0.52
22,[1.25 1.25],[1 0],0.2,0.56,0.53
22,[1.75 1.75],[3 0],0.44,0.34,0.62
22,[1.25 2.25],[1 0],0.17,0.37,0.19
22,[1.25 2.25],[3 0],0.72,0.48,0.26
22,[2.25 1.75],[2 0],0.52,0.42,0.63
22,[1.75 2.25],[2 0],0.22,0.43,0.34
22,[1.25 1.75],[3 0],0.22,0.44,0.53
22,[2.25 2.25],[2 0],0.4,0.12,0.52
22,[2.25 1.75],[1 0],0.76,0.11,0.75
22,[2.25 2.25],[1 0],0.42,0.5,0.5
22,[1.75 1.25],[1 0],0.38,0.54,0.74
22,[1.75 1.75],[2 0],0.36,0.2,0.53
22,[2.25 1.25],[2 0],0.18,0.19,0.96
22,[1.75 1.25],[2 0],0.6,0.4,0.74
22,[1.25 1.25],[3 0],0.24,0.52,0.53
22,[1.25 1.25],[2 0],0.43,0.33,0.49
23,[1.25 1.75],[2 0],0.71,0.89,0.45
23,[1.25 1.75],[3 0],0.99,0.28,0.63
23,[2.25 1.25],[3 0],0.99,0.02,0.96
23,[2.25 1.75],[2 0],0.67,0.36,0.79
23,[1.75 2.25],[1 0],0.51,0.8,0.45
23,[1.25 1.25],[1 0],0.22,0.78,0.52
23,[1.75 1.75],[2 0],0.45,0.68,0.61
23,[1.25 1.75],[1 0],0.44,0.98,0.23
23,[2.25 1.75],[1 0],0.37,0.68,0.54
23,[1.75 2.25],[3 0],0.95,0.96,0.57
23,[1.75 1.25],[1 0],0.51,0.75,0.64
23,[2.25 1.25],[1 0],0.26,0.93,0.43
23,[1.75 1.25],[2 0],0.28,0.74,0.55
23,[2.25 2.25],[3 0],0.97,0.01,0.77
23,[2.25 1.75],[3 0],0.98,0.02,0.94
23,[1.75 1.25],[3 0],0.99,0.02,0.92
23,[1.25 1.25],[2 0],0.52,0.04,0.63
23,[1.75 2.25],[2 0],0.56,0.36,0.51
23,[2.25 1.25],[2 0],0.71,0.29,0.38
23,[1.75 1.75],[1 0],0.35,0.75,0.31
23,[1.25 2.25],[2 0],0.56,0.29,0.49
23,[2.25 2.25],[2 0],0.74,0.27,0.72
23,[1.75 1.75],[3 0],0.99,0.01,0.76
23,[1.25 2.25],[1 0],0.28,0.11,0.19
23,[2.25 2.25],[1 0],0.37,0.08,0.33
23,[1.25 2.25],[3 0],0.97,0.02,0.62
23,[1.25 1.25],[3 0],0.99,0.01,0.59
24,[2.25 1.75],[1 0],0.56,0.32,0.09
24,[2.25 2.25],[2 0],0.9,0.53,0.41
24,[1.25 1.75],[2 0],0.85,0.46,0.4
24,[1.25 1.25],[3 0],0.95,0.55,0.85
24,[1.25 2.25],[3 0],0.99,0.52,0.93
24,[2.25 1.25],[2 0],0.6,0.19,0.45
24,[1.25 1.25],[2 0],0.69,0.07,0.55
24,[1.75 1.25],[3 0],0.98,0.63,0.99
24,[1.75 1.75],[1 0],0.55,0.28,0.15
24,[1.75 1.25],[2 0],0.76,0.46,0.42
24,[1.25 1.75],[3 0],1,0,0.94
24,[1.75 2.25],[3 0],0.97,0.16,0.79
24,[1.25 2.25],[2 0],0.72,0.3,0.38
24,[2.25 2.25],[1 0],0.44,0.22,0.06
24,[1.75 1.75],[3 0],1,0.4,0.81
24,[2.25 1.75],[3 0],0.99,0.34,0.88
24,[1.25 1.25],[1 0],0.59,0.23,0.19
24,[2.25 1.75],[2 0],0.5,0.14,0.41
24,[1.25 1.75],[1 0],0.21,0.7,0.09
24,[1.75 2.25],[2 0],0.5,0.32,0.47
24,[1.75 1.75],[2 0],0.47,0.49,0.42
24,[2.25 2.25],[3 0],0.58,0.44,0.88
24,[1.25 2.25],[1 0],0.95,0.38,0.09
24,[2.25 1.25],[3 0],1,0.06,0.79
24,[1.75 1.25],[1 0],0.52,0.12,0.16
24,[1.75 2.25],[1 0],0.41,0.08,0.11
24,[2.25 1.25],[1 0],0.4,0.09,0.1
25,[1.25 1.25],[3 0],0.84,0.31,0.92
25,[2.25 1.75],[1 0],0.72,0.36,0.67
25,[1.25 1.75],[3 0],1,0.34,1
25,[1.25 1.75],[2 0],0.77,0.61,0.72
25,[1.75 1.25],[3 0],0.83,0.28,0.89
25,[2.25 2.25],[2 0],0.76,0.64,1
25,[2.25 1.25],[3 0],0.79,0.45,1
25,[2.25 2.25],[1 0],0.63,0.78,0.72
25,[1.25 2.25],[1 0],0.62,0.87,0.62
25,[1.75 2.25],[2 0],0.75,0.43,0.64
25,[1.25 1.25],[1 0],0.54,0.87,0.57
25,[1.75 2.25],[3 0],0.82,0.33,0.86
25,[1.75 2.25],[1 0],0.59,0.83,0.73
25,[1.75 1.75],[3 0],0.73,0.29,1
25,[1.75 1.25],[2 0],0.74,0.54,0.72
25,[1.25 2.25],[2 0],0.74,0.56,0.77
25,[2.25 1.75],[2 0],0.73,0.55,0.87
25,[1.25 2.25],[3 0],0.77,0.2,1
25,[1.75 1.75],[1 0],0.71,0.64,0.67
25,[1.25 1.25],[2 0],0.79,0.54,0.81
25,[2.25 1.25],[1 0],0.35,0.53,0.64
25,[2.25 1.25],[2 0],0.67,0.24,0.9
25,[2.25 2.25],[3 0],0.7,0.24,0.91
25,[2.25 1.75],[3 0],0.81,0.2,1
25,[1.75 1.25],[1 0],0.6,0.67,0.59
25,[1.75 1.75],[2 0],0.7,0.47,0.83
25,[1.25 1.75],[1 0],0.47,0.85,0.74
26,[2.25 2.25],[2 0],1,0.03,0.55
26,[2.25 1.25],[1 0],0.89,0.89,0.18
26,[1.75 1.25],[2 0],0.99,0.03,0.38
26,[2.25 2.25],[1 0],0.87,0.88,0.29
26,[1.25 2.25],[3 0],0.99,0.01,0.89
26,[1.25 1.25],[1 0],0.86,0.86,0.2
26,[1.75 2.25],[3 0],0.99,0.02,0.78
26,[1.25 1.75],[2 0],0.92,0.07,0.5
26,[2.25 1.75],[2 0],0.89,0.08,0.37
26,[1.25 1.25],[3 0],0.98,0.03,0.78
26,[1.75 1.75],[2 0],0.9,0.06,0.51
26,[2.25 1.25],[3 0],0.99,0,0.83
26,[1.25 1.75],[3 0],1,0.01,0.89
26,[1.75 1.75],[3 0],0.99,0.02,0.84
26,[2.25 1.25],[2 0],0.91,0.07,0.53
26,[1.75 2.25],[1 0],0.9,0.91,0.18
26,[2.25 2.25],[3 0],0.98,0.02,0.78
26,[1.25 2.25],[1 0],0.91,0.89,0.2
26,[1.75 2.25],[2 0],0.91,0.08,0.55
26,[1.75 1.75],[1 0],0.89,0.89,0.24
26,[1.75 1.25],[1 0],0.89,0.89,0.23
26,[1.25 2.25],[2 0],0.91,0.1,0.54
26,[1.25 1.75],[1 0],0.91,0.91,0.35
26,[2.25 1.75],[3 0],0.99,0,0.85
26,[1.75 1.25],[3 0],0.99,0,0.8
26,[1.25 1.25],[2 0],0.92,0.1,0.42
26,[2.25 1.75],[1 0],0.9,0.9,0.25
27,[1.75 1.75],[2 0],1,0.98,0.56
27,[1.25 1.75],[2 0],0.88,1,0.69
27,[2.25 2.25],[3 0],1,0.1,0.92
27,[1.75 1.25],[3 0],0.98,0.95,0.96
27,[1.75 2.25],[1 0],0.96,1,0.26
27,[1.25 2.25],[2 0],0.96,0.73,0.65
27,[2.25 1.75],[1 0],0.88,1,0.34
27,[1.75 1.75],[1 0],0.82,0.98,0.27
27,[1.25 1.75],[1 0],0.9,0.99,0.31
27,[2.25 2.25],[2 0],1,0.47,0.65
27,[2.25 1.75],[2 0],0.83,0.89,0.67
27,[2.25 2.25],[1 0],0.72,1,0.29
27,[1.75 1.75],[3 0],0.96,0.13,0.98
27,[1.75 1.25],[2 0],0.79,0.84,0.67
27,[2.25 1.25],[3 0],0.98,0.15,0.88
27,[1.75 2.25],[2 0],0.91,0.68,0.55
27,[1.25 2.25],[3 0],0.97,0.11,0.97
27,[1.25 1.25],[3 0],1,0.11,0.97
27,[1.25 1.75],[3 0],0.92,0.09,0.94
27,[1.75 1.25],[1 0],0.78,0.98,0.33
27,[1.75 2.25],[3 0],0.96,0.17,0.97
27,[1.25 2.25],[1 0],0.95,0.95,0.34
27,[2.25 1.25],[1 0],0.81,0.92,0.32
27,[1.25 1.25],[1 0],0.5,0.96,0.31
27,[2.25 1.75],[3 0],0.69,0.1,0.95
27,[1.25 1.25],[2 0],0.61,0.61,0.66
27,[2.25 1.25],[2 0],0.83,0.64,0.63
28,[1.25 2.25],[2 0],0.75,0.25,0.8
28,[2.25 1.25],[3 0],0.89,0.08,0.98
28,[2.25 1.75],[1 0],0.55,0.67,0.5
28,[1.25 1.25],[3 0],0.97,0.07,0.98
28,[1.75 2.25],[2 0],0.74,0.2,0.81
28,[2.25 2.25],[2 0],0.64,0.46,0.69
28,[1.75 2.25],[3 0],0.91,0.09,0.98
28,[2.25 1.75],[3 0],0.92,0.31,0.99
28,[2.25 1.25],[2 0],0.65,0.45,0.72
28,[2.25 2.25],[1 0],0.26,0.69,0.5
28,[1.75 1.25],[1 0],0.27,0.69,0.53
28,[1.75 1.75],[3 0],0.82,0.45,0.98
28,[2.25 1.75],[2 0],0.78,0.35,0.83
28,[1.25 1.25],[1 0],0.21,0.81,0.48
28,[1.25 2.25],[1 0],0.19,0.52,0.5
28,[1.75 1.25],[2 0],0.6,0.35,0.77
28,[1.75 1.75],[2 0],0.34,0.54,0.81
28,[1.25 1.75],[3 0],0.85,0.24,0.97
28,[1.25 1.75],[1 0],0.17,0.78,0.49
28,[1.75 2.25],[1 0],0.18,0.74,0.5
28,[1.25 2.25],[3 0],0.84,0.09,0.96
28,[1.25 1.75],[2 0],0.58,0.47,0.73
28,[2.25 1.25],[1 0],0.19,0.77,0.49
28,[1.75 1.25],[3 0],0.8,0.16,0.99
28,[1.75 1.75],[1 0],0.16,0.77,0.53
28,[2.25 2.25],[3 0],0.7,0.2,0.97
28,[1.25 1.25],[2 0],0.65,0.49,0.78
29,[1.25 1.75],[1 0],0.37,0.61,0.72
29,[1.75 1.75],[1 0],0.3,0.45,0.74
29,[1.25 1.25],[3 0],0.94,0.03,0.99
29,[2.25 1.75],[2 0],0.88,0.07,0.83
29,[1.25 1.25],[2 0],0.86,0.36,0.79
29,[1.75 2.25],[1 0],0.73,0.85,0.57
29,[2.25 2.25],[1 0],0.56,0.64,0.64
29,[1.75 1.75],[2 0],0.88,0.14,0.85
29,[2.25 1.25],[1 0],0.67,0.82,0.73
29,[2.25 1.25],[2 0],0.96,0.4,0.8
29,[2.25 2.25],[3 0],1,0.01,1
29,[1.25 2.25],[3 0],0.99,0,1
29,[2.25 1.75],[1 0],0.45,0.66,0.54
29,[1.25 1.75],[2 0],0.87,0.46,0.85
29,[2.25 1.25],[3 0],0.98,0.01,1
29,[1.75 1.75],[3 0],0.99,0.05,1
29,[1.75 1.25],[1 0],0.52,0.69,0.74
29,[1.75 1.25],[2 0],0.87,0.47,0.92
29,[1.25 2.25],[1 0],0.49,0.87,0.59
29,[1.75 2.25],[3 0],0.98,0.46,1
29,[2.25 1.75],[3 0],0.98,0.1,1
29,[1.25 2.25],[2 0],0.76,0.52,0.93
29,[2.25 2.25],[2 0],0.54,0.37,0.89
29,[1.25 1.75],[3 0],0.99,0.29,1
29,[1.75 1.25],[3 0],0.5,0.2,1
29,[1.25 1.25],[1 0],0.4,0.94,0.61
29,[1.75 2.25],[2 0],0.83,0.44,0.88
30,[1.25 1.75],[3 0],0.91,0.19,1
30,[2.25 2.25],[2 0],0.73,0.29,0.76
30,[1.75 2.25],[2 0],0.8,0.46,0.51
30,[1.75 1.75],[1 0],0.42,0.82,0.4
30,[1.25 1.25],[1 0],0.45,0.76,0.52
30,[1.25 1.25],[2 0],0.72,0.39,0.77
30,[1.25 2.25],[1 0],0.33,0.87,0.44
30,[1.75 1.25],[2 0],0.65,0.38,0.56
30,[1.75 1.75],[2 0],0.71,0.56,0.73
30,[2.25 1.25],[2 0],0.94,0.16,0.64
30,[1.75 1.75],[3 0],0.92,0.2,1
30,[1.75 1.25],[3 0],0.9,0.23,1
30,[1.75 2.25],[1 0],0.4,0.66,0.4
30,[1.25 1.75],[2 0],0.48,0.85,0.74
30,[1.25 2.25],[2 0],0.64,0.48,0.73
30,[1.25 1.25],[3 0],0.94,0.11,1
30,[1.25 1.75],[1 0],0.55,0.88,0.52
30,[2.25 2.25],[3 0],0.87,0.11,1
30,[1.75 2.25],[3 0],0.8,0.16,1
30,[2.25 1.25],[3 0],0.86,0.2,1
30,[1.75 1.25],[1 0],0.64,0.64,0.36
30,[2.25 1.75],[3 0],0.9,0.14,1
30,[2.25 1.25],[1 0],0.62,0.75,0.42
30,[2.25 1.75],[2 0],0.63,0.47,0.72
30,[2.25 1.75],[1 0],0.59,0.78,0.38
30,[2.25 2.25],[1 0],0.63,0.88,0.44
30,[1.25 2.25],[3 0],0.91,0.09,1
31,[1.25 2.25],[2 0],0.78,0.28,0.67
31,[2.25 2.25],[2 0],0.69,0.28,0.65
31,[1.25 1.25],[1 0],0.52,0.67,0.3
31,[1.75 1.25],[3 0],1,0.02,0.96
31,[1.75 1.25],[2 0],0.66,0.33,0.71
31,[2.25 2.25],[3 0],1,0,0.97
31,[1.75 2.25],[2 0],0.71,0.35,0.74
31,[1.75 1.75],[2 0],0.72,0.35,0.6
31,[2.25 2.25],[1 0],0.53,0.53,0.35
31,[1.75 1.75],[1 0],0.55,0.5,0.39
31,[1.75 1.75],[3 0],1,0,0.94
31,[2.25 1.25],[2 0],0.67,0.35,0.8
31,[1.25 2.25],[1 0],0.58,0.5,0.31
31,[2.25 1.25],[3 0],1,0.02,0.97
31,[1.25 1.75],[3 0],1,0.02,0.93
31,[1.25 1.75],[2 0],0.74,0.41,0.68
31,[2.25 1.75],[3 0],1,0,0.96
31,[1.75 1.25],[1 0],0.67,0.4,0.33
31,[2.25 1.75],[1 0],0.54,0.48,0.39
31,[2.25 1.25],[1 0],0.61,0.48,0.33
31,[1.25 1.25],[3 0],1,0,0.97
31,[1.25 1.75],[1 0],0.54,0.46,0.25
31,[1.75 2.25],[1 0],0.61,0.5,0.33
31,[1.25 2.25],[3 0],1,0,0.96
31,[2.25 1.75],[2 0],0.77,0.23,0.63
31,[1.25 1.25],[2 0],0.75,0.19,0.63
31,[1.75 2.25],[3 0],1,0.02,0.92
32,[2.25 2.25],[3 0],0.94,0.04,1
32,[1.75 1.25],[1 0],0.94,0.71,0.14
32,[2.25 1.25],[1 0],0.29,0.85,0.14
32,[1.75 1.75],[2 0],0.44,0.42,0.68
32,[1.75 2.25],[3 0],0.93,0.01,1
32,[1.75 1.25],[3 0],0.95,0.06,0.93
32,[1.25 1.75],[2 0],0.55,0.49,0.72
32,[2.25 1.75],[3 0],0.95,0.06,0.96
32,[1.25 1.75],[1 0],0.31,0.62,0.14
32,[1.25 2.25],[1 0],0.1,0.66,0.2
32,[2.25 2.25],[1 0],0.17,0.71,0.2
32,[2.25 1.25],[2 0],0.46,0.47,0.69
32,[1.25 1.25],[1 0],0.12,0.71,0.17
32,[1.25 1.75],[3 0],0.93,0.06,0.98
32,[2.25 2.25],[2 0],0.51,0.45,0.74
32,[1.75 1.75],[1 0],0.08,0.83,0.26
32,[1.25 2.25],[2 0],0.38,0.5,0.65
32,[1.75 2.25],[2 0],0.47,0.48,0.65
32,[2.25 1.75],[2 0],0.43,0.47,0.67
32,[1.75 1.25],[2 0],0.48,0.34,0.78
32,[1.25 1.25],[2 0],0.47,0.4,0.75
32,[2.25 1.25],[3 0],0.93,0,0.98
32,[2.25 1.75],[1 0],0.06,0.83,0.24
32,[1.25 2.25],[3 0],0.96,0.02,0.97
32,[1.75 2.25],[1 0],0.2,0.72,0.16
32,[1.25 1.25],[3 0],0.96,0.02,1
32,[1.75 1.75],[3 0],0.95,0.04,0.93
33,[1.25 1.25],[3 0],1,0,0.9
33,[1.75 2.25],[3 0],1,0,0.85
33,[1.25 1.75],[1 0],0.72,0.8,0.34
33,[2.25 2.25],[3 0],1,1,0.83
33,[1.25 1.75],[2 0],0.8,0.37,0.55
33,[1.25 2.25],[3 0],0.97,0,0.85
33,[2.25 1.25],[3 0],1,0,0.84
33,[1.75 2.25],[2 0],0.42,0.42,0.59
33,[1.75 1.25],[1 0],0.71,0.83,0.17
33,[2.25 1.75],[3 0],0.78,0,0.84
33,[1.75 1.75],[2 0],0.75,0.52,0.51
33,[1.25 2.25],[1 0],0.6,1,0.35
33,[2.25 1.25],[2 0],0.63,0.36,0.65
33,[2.25 2.25],[2 0],0.61,0.44,0.63
33,[1.75 1.25],[2 0],0.61,0.56,0.64
33,[2.25 1.75],[1 0],0.48,1,0.27
33,[1.75 1.25],[3 0],0.8,0,0.86
33,[1.25 2.25],[2 0],0.53,0.48,0.43
33,[2.25 1.25],[1 0],0.78,1,0.16
33,[1.25 1.25],[1 0],0.46,1,0.21
33,[1.75 2.25],[1 0],0.63,1,0.13
33,[1.75 1.75],[3 0],0.84,0,0.88
33,[1.25 1.75],[3 0],1,0,0.84
33,[2.25 2.25],[1 0],0.81,1,0.18
33,[1.75 1.75],[1 0],0.74,1,0.24
33,[2.25 1.75],[2 0],0.76,0.48,0.61
33,[1.25 1.25],[2 0],0.74,0.48,0.65
34,[2.25 2.25],[3 0],0.88,0.13,0.97
34,[1.25 1.75],[3 0],0.68,0.11,1
34,[2.25 1.75],[2 0],0.61,0.39,0.67
34,[1.75 1.75],[2 0],0.6,0.44,0.69
34,[1.25 2.25],[1 0],0.51,0.61,0.2
34,[2.25 2.25],[1 0],0.44,0.44,0.18
34,[1.25 1.25],[3 0],0.88,0.31,0.98
34,[1.75 1.25],[2 0],0.74,0.38,0.73
34,[1.25 2.25],[3 0],0.73,0.34,1
34,[1.25 2.25],[2 0],0.77,0.31,0.62
34,[1.75 1.25],[1 0],0.43,0.44,0.16
34,[2.25 2.25],[2 0],0.63,0.34,0.59
34,[1.75 1.25],[3 0],0.83,0.2,0.97
34,[2.25 1.25],[1 0],0.52,0.64,0.23
34,[2.25 1.75],[1 0],0.38,0.32,0.2
34,[1.75 1.75],[3 0],0.87,0.21,1
34,[1.25 1.75],[2 0],0.79,0.37,0.71
34,[1.25 1.25],[1 0],0.58,0.51,0.24
34,[2.25 1.25],[2 0],0.75,0.54,0.6
34,[1.25 1.25],[2 0],0.71,0.48,0.7
34,[1.25 1.75],[1 0],0.63,0.43,0.17
34,[1.75 2.25],[2 0],0.59,0.35,0.55
34,[1.75 2.25],[1 0],0.52,0.34,0.11
34,[1.75 2.25],[3 0],0.87,0.23,1
34,[2.25 1.75],[3 0],0.96,0.11,1
34,[1.75 1.75],[1 0],0.68,0.51,0.15
34,[2.25 1.25],[3 0],0.95,0.03,0.98
35,[1.75 1.75],[3 0],0.67,0.29,0.75
35,[1.75 1.75],[2 0],0.7,0.81,0.74
35,[2.25 1.75],[3 0],0.56,0.35,1
35,[1.25 1.75],[1 0],0.2,0.04,0.27
35,[2.25 1.75],[2 0],0.86,0.93,0.53
35,[1.25 2.25],[2 0],0.23,0.47,0.61
35,[2.25 2.25],[1 0],0.83,0.1,0.36
35,[1.25 1.25],[1 0],0.87,0.35,0.69
35,[1.25 1.75],[2 0],0.17,0.82,0.41
35,[1.75 1.25],[3 0],0.24,0.75,0.69
35,[1.75 1.25],[1 0],0.86,0.22,0.62
35,[2.25 1.25],[1 0],0.53,0.54,0.3
35,[2.25 1.75],[1 0],0.16,0.74,0.2
35,[2.25 2.25],[2 0],0.13,0.89,0.71
35,[1.75 2.25],[1 0],0.76,0.43,0.08
35,[2.25 1.25],[2 0],0.17,0.86,0.67
35,[2.25 1.25],[3 0],0.07,0.91,0.97
35,[1.25 2.25],[1 0],0.89,0.26,0.52
35,[1.75 1.25],[2 0],0.68,0.25,0.37
35,[1.25 1.25],[2 0],0.47,0.49,0.5
35,[1.25 1.25],[3 0],0.1,0.76,0.41
35,[1.25 2.25],[3 0],0.11,0.78,0.51
35,[1.75 1.75],[1 0],0.18,0.75,0.46
35,[1.75 2.25],[2 0],0.72,0.29,0.4
35,[1.25 1.75],[3 0],0.93,0.1,0.9
35,[2.25 2.25],[3 0],0.75,0.38,0.94
35,[1.75 2.25],[3 0],0.54,0.49,0.53
36,[2.25 1.25],[1 0],0.69,0.56,0.61
36,[1.75 1.25],[1 0],0.68,0.58,0.28
36,[1.75 2.25],[2 0],0.83,0.27,0.34
36,[1.25 1.25],[1 0],0.66,0.53,0.44
36,[1.25 2.25],[3 0],0.97,0,0.94
36,[2.25 1.75],[1 0],0.65,0.55,0.37
36,[1.25 2.25],[2 0],0.8,0.23,0.36
36,[1.75 1.25],[3 0],0.99,0,0.41
36,[1.75 1.25],[2 0],0.83,0.19,0.51
36,[1.75 2.25],[1 0],0.65,0.59,0.19
36,[2.25 1.25],[3 0],0.99,0,0.88
36,[2.25 1.75],[2 0],0.79,0.19,0.16
36,[1.25 1.75],[3 0],0.98,0,0.93
36,[1.25 1.25],[2 0],0.79,0.22,0.54
36,[2.25 2.25],[2 0],0.83,0.19,0.37
36,[1.75 1.75],[3 0],0.99,0.02,0.97
36,[1.25 2.25],[1 0],0.6,0.6,0.34
36,[1.75 2.25],[3 0],0.98,0.02,0.98
36,[1.25 1.25],[3 0],0.98,0,0.88
36,[1.25 1.75],[1 0],0.65,0.62,0.24
36,[1.75 1.75],[1 0],0.64,0.58,0.22
36,[1.25 1.75],[2 0],0.81,0.22,0.56
36,[1.75 1.75],[2 0],0.81,0.19,0.58
36,[2.25 2.25],[3 0],1,0.02,0.97
36,[2.25 1.75],[3 0],0.97,0,0.9
36,[2.25 1.25],[2 0],0.82,0.18,0.34
36,[2.25 2.25],[1 0],0.67,0.6,0.29
37,[2.25 1.75],[3 0],0.91,0.11,0.84
37,[1.75 1.75],[2 0],0.73,0.33,0.57
37,[1.25 1.25],[2 0],0.62,0.44,0.16
37,[2.25 2.25],[3 0],0.87,0.08,0.97
37,[1.25 1.25],[1 0],0.54,0.83,0.09
37,[1.75 1.75],[3 0],0.81,0.2,0.75
37,[1.25 1.25],[3 0],0.7,0.17,0.79
37,[2.25 2.25],[1 0],0.62,0.81,0.17
37,[2.25 1.25],[2 0],0.77,0.32,0.06
37,[1.25 1.75],[1 0],0.59,0.79,0.3
37,[1.25 1.75],[3 0],0.75,0.2,0.88
37,[2.25 1.75],[1 0],0.81,0.75,0.29
37,[1.75 2.25],[1 0],0.76,0.69,0.1
37,[1.25 2.25],[1 0],0.3,0.71,0.07
37,[1.25 2.25],[2 0],0.76,0.43,0.79
37,[2.25 2.25],[2 0],0.71,0.34,0.37
37,[2.25 1.75],[2 0],0.87,0.2,0.34
37,[1.75 1.25],[3 0],0.68,0.1,0.74
37,[1.75 1.25],[2 0],0.75,0.32,0.61
37,[1.25 1.75],[2 0],0.88,0.36,0.17
37,[1.25 2.25],[3 0],0.95,0.09,0.86
37,[2.25 1.25],[1 0],0.32,0.79,0.17
37,[1.75 2.25],[2 0],0.53,0.24,0.65
37,[1.75 1.75],[1 0],0.3,0.67,0.33
37,[1.75 1.25],[1 0],0.29,0.75,0.14
37,[2.25 1.25],[3 0],0.9,0.09,0.95
37,[1.75 2.25],[3 0],0.78,0.13,0.74
38,[1.75 2.25],[3 0],1,0.05,0.46
38,[1.25 2.25],[2 0],0.57,0.33,0.22
38,[2.25 1.75],[2 0],1,0.25,0.56
38,[1.25 2.25],[1 0],0.12,0.79,0.47
38,[2.25 1.25],[2 0],0.82,0.13,0.26
38,[1.75 1.75],[1 0],0.53,0.53,0.45
38,[1.25 1.25],[2 0],0.71,0.51,0.54
38,[1.75 1.75],[3 0],1,0.02,0.71
38,[2.25 2.25],[3 0],1,0.02,0.75
38,[1.75 1.25],[1 0],0.5,0.5,0.36
38,[2.25 1.25],[1 0],0.19,0.89,0.48
38,[1.25 1.75],[3 0],0.99,0.04,0.51
38,[2.25 1.25],[3 0],1,0.03,0.73
38,[2.25 2.25],[2 0],0.7,0.5,0.53
38,[2.25 2.25],[1 0],0.15,0.81,0.43
38,[1.75 2.25],[1 0],0.47,0.76,0.43
38,[1.25 1.25],[3 0],1,0.02,0.53
38,[1.25 1.25],[1 0],0.22,0.81,0.29
38,[1.75 1.25],[2 0],0.74,0.4,0.42
38,[1.25 1.75],[1 0],0.47,0.76,0.39
38,[1.75 1.75],[2 0],0.82,0.43,0.52
38,[1.25 1.75],[2 0],0.78,0.59,0.64
38,[1.75 1.25],[3 0],1,0.02,0.34
38,[2.25 1.75],[1 0],0.12,0.86,0.28
38,[2.25 1.75],[3 0],1,0.03,0.77
38,[1.75 2.25],[2 0],0.66,0.49,0.66
38,[1.25 2.25],[3 0],0.54,0.02,0.57
39,[1.25 1.75],[1 0],0.26,0.65,0.22
39,[1.25 1.75],[2 0],0.66,0.45,0.65
39,[1.25 1.25],[3 0],0.84,0.61,0.98
39,[1.75 1.25],[2 0],0.73,0.49,0.65
39,[2.25 2.25],[3 0],0.89,0.33,1
39,[1.75 2.25],[1 0],0.34,0.63,0.22
39,[1.25 1.25],[1 0],0.29,0.48,0.28
39,[1.75 1.25],[1 0],0.38,0.6,0.33
39,[2.25 1.25],[2 0],0.55,0.33,0.62
39,[1.75 1.75],[2 0],0.65,0.37,0.67
39,[1.25 1.75],[3 0],0.89,0.59,0.97
39,[1.25 2.25],[2 0],0.59,0.57,0.65
39,[1.75 1.75],[1 0],0.41,0.67,0.34
39,[2.25 2.25],[1 0],0.34,0.72,0.29
39,[1.75 1.25],[3 0],0.79,0.31,0.98
39,[2.25 1.75],[3 0],0.42,0.8,0.97
39,[1.75 2.25],[2 0],0.6,0.26,0.68
39,[1.25 2.25],[1 0],0.5,0.71,0.33
39,[2.25 1.75],[1 0],0.28,0.64,0.32
39,[1.75 1.75],[3 0],0.82,0.25,0.98
39,[1.75 2.25],[3 0],0.77,0.28,0.99
39,[1.25 2.25],[3 0],0.8,0.4,0.98
39,[2.25 1.25],[1 0],0.26,0.71,0.29
39,[2.25 2.25],[2 0],0.64,0.49,0.68
39,[1.25 1.25],[2 0],0.7,0.43,0.64
39,[2.25 1.75],[2 0],0.71,0.36,0.71
39,[2.25 1.25],[3 0],0.74,0.28,0.97
